www.icourse163.org,1001872001,Python机器学习应用,null,29804,北京理工大学,BIT
www.icourse163.org,1001640001,钢琴弹奏基础,null,29682,东北大学,NEU
www.icourse163.org,20003,哲学问题,null,151017,浙江大学,ZJU
www.icourse163.org,495005,《道德经》的智慧启示,null,160307,中国海洋大学,OUC
www.icourse163.org,154005,计算机网络,null,130432,哈尔滨工业大学,HIT
www.icourse163.org,20001,博弈论基础,null,322861,浙江大学,ZJU
www.icourse163.org,51003,大学物理-量子物理,null,37287,国防科技大学,NUDT
www.icourse163.org,23003,微观经济学,null,372238,武汉大学,WHU
www.icourse163.org,1001733003,应用写作,null,28169,华中农业大学,HZAU
www.icourse163.org,1001614009,C语言程序设计——快速入门与提高CAP,null,46450,中国农业大学,CAU
www.icourse163.org,46002,大学物理—力学与热学,null,80677,北京理工大学,BIT
www.icourse163.org,20016,医学统计学,null,67872,中山大学,SYSU
www.icourse163.org,488001,数据库系统概论（基础篇）,null,98184,中国人民大学,RUC
www.icourse163.org,1001573001,心理学与生活,null,274353,南京大学,NJU
www.icourse163.org,24001,简明世界史（一）,null,218880,武汉大学,WHU
www.icourse163.org,1001566011,感觉与知觉,null,26356,台湾新竹“清华大学”,NTHU
www.icourse163.org,1001929011,英语语法与写作,null,183450,暨南大学,JNU
www.icourse163.org,1002215007,多媒体技术与应用,null,31634,同济大学,TONGJI
www.icourse163.org,23004,大学计算机基础,null,101520,中国农业大学,CAU
www.icourse163.org,46006,计算机程序设计（C++）,null,162606,西安交通大学,XJTU
www.icourse163.org,1001872001,Python机器学习应用,null,29804,北京理工大学,BIT
www.icourse163.org,1001640001,钢琴弹奏基础,null,29682,东北大学,NEU
www.icourse163.org,20003,哲学问题,null,151017,浙江大学,ZJU
www.icourse163.org,495005,《道德经》的智慧启示,null,160307,中国海洋大学,OUC
www.icourse163.org,154005,计算机网络,null,130432,哈尔滨工业大学,HIT
www.icourse163.org,20001,博弈论基础,null,322861,浙江大学,ZJU
www.icourse163.org,51003,大学物理-量子物理,null,37287,国防科技大学,NUDT
www.icourse163.org,23003,微观经济学,null,372238,武汉大学,WHU
www.icourse163.org,1001733003,应用写作,null,28169,华中农业大学,HZAU
www.icourse163.org,1001614009,C语言程序设计——快速入门与提高CAP,null,46450,中国农业大学,CAU
www.icourse163.org,46002,大学物理—力学与热学,null,80677,北京理工大学,BIT
www.icourse163.org,20016,医学统计学,null,67872,中山大学,SYSU
www.icourse163.org,488001,数据库系统概论（基础篇）,null,98184,中国人民大学,RUC
www.icourse163.org,1001573001,心理学与生活,null,274353,南京大学,NJU
www.icourse163.org,24001,简明世界史（一）,null,218880,武汉大学,WHU
www.icourse163.org,1001566011,感觉与知觉,null,26356,台湾新竹“清华大学”,NTHU
www.icourse163.org,1001929011,英语语法与写作,null,183450,暨南大学,JNU
www.icourse163.org,1002215007,多媒体技术与应用,null,31634,同济大学,TONGJI
www.icourse163.org,23004,大学计算机基础,null,101520,中国农业大学,CAU
www.icourse163.org,46006,计算机程序设计（C++）,null,162606,西安交通大学,XJTU
www.icourse163.org,1001872001,Python机器学习应用,null,29804,北京理工大学,BIT
www.icourse163.org,1001640001,钢琴弹奏基础,null,29682,东北大学,NEU
www.icourse163.org,20003,哲学问题,null,151017,浙江大学,ZJU
www.icourse163.org,495005,《道德经》的智慧启示,null,160307,中国海洋大学,OUC
www.icourse163.org,154005,计算机网络,null,130432,哈尔滨工业大学,HIT
www.icourse163.org,20001,博弈论基础,null,322861,浙江大学,ZJU
www.icourse163.org,51003,大学物理-量子物理,null,37287,国防科技大学,NUDT
www.icourse163.org,23003,微观经济学,null,372238,武汉大学,WHU
www.icourse163.org,1001733003,应用写作,null,28169,华中农业大学,HZAU
www.icourse163.org,1001614009,C语言程序设计——快速入门与提高CAP,null,46450,中国农业大学,CAU
www.icourse163.org,46002,大学物理—力学与热学,null,80677,北京理工大学,BIT
www.icourse163.org,20016,医学统计学,null,67872,中山大学,SYSU
www.icourse163.org,488001,数据库系统概论（基础篇）,null,98184,中国人民大学,RUC
www.icourse163.org,1001573001,心理学与生活,null,274353,南京大学,NJU
www.icourse163.org,24001,简明世界史（一）,null,218880,武汉大学,WHU
www.icourse163.org,1001566011,感觉与知觉,null,26356,台湾新竹“清华大学”,NTHU
www.icourse163.org,1001929011,英语语法与写作,null,183450,暨南大学,JNU
www.icourse163.org,1002215007,多媒体技术与应用,null,31634,同济大学,TONGJI
www.icourse163.org,23004,大学计算机基础,null,101520,中国农业大学,CAU
www.icourse163.org,46006,计算机程序设计（C++）,null,162606,西安交通大学,XJTU
www.icourse163.org,1001872001,Python机器学习应用,null,29804,北京理工大学,BIT
www.icourse163.org,1001640001,钢琴弹奏基础,null,29682,东北大学,NEU
www.icourse163.org,20003,哲学问题,null,151017,浙江大学,ZJU
www.icourse163.org,495005,《道德经》的智慧启示,null,160307,中国海洋大学,OUC
www.icourse163.org,154005,计算机网络,null,130432,哈尔滨工业大学,HIT
www.icourse163.org,20001,博弈论基础,null,322861,浙江大学,ZJU
www.icourse163.org,51003,大学物理-量子物理,null,37287,国防科技大学,NUDT
www.icourse163.org,23003,微观经济学,null,372238,武汉大学,WHU
www.icourse163.org,1001733003,应用写作,null,28169,华中农业大学,HZAU
www.icourse163.org,1001614009,C语言程序设计——快速入门与提高CAP,null,46450,中国农业大学,CAU
www.icourse163.org,46002,大学物理—力学与热学,null,80677,北京理工大学,BIT
www.icourse163.org,20016,医学统计学,null,67872,中山大学,SYSU
www.icourse163.org,488001,数据库系统概论（基础篇）,null,98184,中国人民大学,RUC
www.icourse163.org,1001573001,心理学与生活,null,274353,南京大学,NJU
www.icourse163.org,24001,简明世界史（一）,null,218880,武汉大学,WHU
www.icourse163.org,1001566011,感觉与知觉,null,26356,台湾新竹“清华大学”,NTHU
www.icourse163.org,1001929011,英语语法与写作,null,183450,暨南大学,JNU
www.icourse163.org,1002215007,多媒体技术与应用,null,31634,同济大学,TONGJI
www.icourse163.org,23004,大学计算机基础,null,101520,中国农业大学,CAU
www.icourse163.org,46006,计算机程序设计（C++）,null,162606,西安交通大学,XJTU
www.icourse163.org,1001872001,Python机器学习应用,null,29804,北京理工大学,BIT
www.icourse163.org,1001640001,钢琴弹奏基础,null,29682,东北大学,NEU
www.icourse163.org,20003,哲学问题,null,151017,浙江大学,ZJU
www.icourse163.org,495005,《道德经》的智慧启示,null,160307,中国海洋大学,OUC
www.icourse163.org,154005,计算机网络,null,130432,哈尔滨工业大学,HIT
www.icourse163.org,20001,博弈论基础,null,322861,浙江大学,ZJU
www.icourse163.org,51003,大学物理-量子物理,null,37287,国防科技大学,NUDT
www.icourse163.org,23003,微观经济学,null,372238,武汉大学,WHU
www.icourse163.org,1001733003,应用写作,null,28169,华中农业大学,HZAU
www.icourse163.org,1001614009,C语言程序设计——快速入门与提高CAP,null,46450,中国农业大学,CAU
www.icourse163.org,46002,大学物理—力学与热学,null,80677,北京理工大学,BIT
www.icourse163.org,20016,医学统计学,null,67872,中山大学,SYSU
www.icourse163.org,488001,数据库系统概论（基础篇）,null,98184,中国人民大学,RUC
www.icourse163.org,1001573001,心理学与生活,null,274353,南京大学,NJU
www.icourse163.org,24001,简明世界史（一）,null,218880,武汉大学,WHU
www.icourse163.org,1001566011,感觉与知觉,null,26356,台湾新竹“清华大学”,NTHU
www.icourse163.org,1001929011,英语语法与写作,null,183450,暨南大学,JNU
www.icourse163.org,1002215007,多媒体技术与应用,null,31634,同济大学,TONGJI
www.icourse163.org,23004,大学计算机基础,null,101520,中国农业大学,CAU
www.icourse163.org,46006,计算机程序设计（C++）,null,162606,西安交通大学,XJTU
www.icourse163.org,1001872001,Python机器学习应用,null,29804,北京理工大学,BIT
www.icourse163.org,1001640001,钢琴弹奏基础,null,29682,东北大学,NEU
www.icourse163.org,20003,哲学问题,null,151017,浙江大学,ZJU
www.icourse163.org,495005,《道德经》的智慧启示,null,160307,中国海洋大学,OUC
www.icourse163.org,154005,计算机网络,null,130432,哈尔滨工业大学,HIT
www.icourse163.org,20001,博弈论基础,null,322861,浙江大学,ZJU
www.icourse163.org,51003,大学物理-量子物理,null,37287,国防科技大学,NUDT
www.icourse163.org,23003,微观经济学,null,372238,武汉大学,WHU
www.icourse163.org,1001733003,应用写作,null,28169,华中农业大学,HZAU
www.icourse163.org,1001614009,C语言程序设计——快速入门与提高CAP,null,46450,中国农业大学,CAU
www.icourse163.org,46002,大学物理—力学与热学,null,80677,北京理工大学,BIT
www.icourse163.org,20016,医学统计学,null,67872,中山大学,SYSU
www.icourse163.org,488001,数据库系统概论（基础篇）,null,98184,中国人民大学,RUC
www.icourse163.org,1001573001,心理学与生活,null,274353,南京大学,NJU
www.icourse163.org,24001,简明世界史（一）,null,218880,武汉大学,WHU
www.icourse163.org,1001566011,感觉与知觉,null,26356,台湾新竹“清华大学”,NTHU
www.icourse163.org,1001929011,英语语法与写作,null,183450,暨南大学,JNU
www.icourse163.org,1002215007,多媒体技术与应用,null,31634,同济大学,TONGJI
www.icourse163.org,23004,大学计算机基础,null,101520,中国农业大学,CAU
www.icourse163.org,46006,计算机程序设计（C++）,null,162606,西安交通大学,XJTU
www.icourse163.org,1001872001,Python机器学习应用,null,29804,北京理工大学,BIT
www.icourse163.org,1001640001,钢琴弹奏基础,null,29682,东北大学,NEU
www.icourse163.org,20003,哲学问题,null,151017,浙江大学,ZJU
www.icourse163.org,495005,《道德经》的智慧启示,null,160307,中国海洋大学,OUC
www.icourse163.org,154005,计算机网络,null,130432,哈尔滨工业大学,HIT
www.icourse163.org,20001,博弈论基础,null,322861,浙江大学,ZJU
www.icourse163.org,51003,大学物理-量子物理,null,37287,国防科技大学,NUDT
www.icourse163.org,23003,微观经济学,null,372238,武汉大学,WHU
www.icourse163.org,1001733003,应用写作,null,28169,华中农业大学,HZAU
www.icourse163.org,1001614009,C语言程序设计——快速入门与提高CAP,null,46450,中国农业大学,CAU
www.icourse163.org,46002,大学物理—力学与热学,null,80677,北京理工大学,BIT
www.icourse163.org,20016,医学统计学,null,67872,中山大学,SYSU
www.icourse163.org,488001,数据库系统概论（基础篇）,null,98184,中国人民大学,RUC
www.icourse163.org,1001573001,心理学与生活,null,274353,南京大学,NJU
www.icourse163.org,24001,简明世界史（一）,null,218880,武汉大学,WHU
www.icourse163.org,1001566011,感觉与知觉,null,26356,台湾新竹“清华大学”,NTHU
www.icourse163.org,1001929011,英语语法与写作,null,183450,暨南大学,JNU
www.icourse163.org,1002215007,多媒体技术与应用,null,31634,同济大学,TONGJI
www.icourse163.org,23004,大学计算机基础,null,101520,中国农业大学,CAU
www.icourse163.org,46006,计算机程序设计（C++）,null,162606,西安交通大学,XJTU
www.icourse163.org,1001872001,Python机器学习应用,null,29804,北京理工大学,BIT
www.icourse163.org,1001640001,钢琴弹奏基础,null,29682,东北大学,NEU
www.icourse163.org,20003,哲学问题,null,151017,浙江大学,ZJU
www.icourse163.org,495005,《道德经》的智慧启示,null,160307,中国海洋大学,OUC
www.icourse163.org,154005,计算机网络,null,130432,哈尔滨工业大学,HIT
www.icourse163.org,20001,博弈论基础,null,322861,浙江大学,ZJU
www.icourse163.org,51003,大学物理-量子物理,null,37287,国防科技大学,NUDT
www.icourse163.org,23003,微观经济学,null,372238,武汉大学,WHU
www.icourse163.org,1001733003,应用写作,null,28169,华中农业大学,HZAU
www.icourse163.org,1001614009,C语言程序设计——快速入门与提高CAP,null,46450,中国农业大学,CAU
www.icourse163.org,46002,大学物理—力学与热学,null,80677,北京理工大学,BIT
www.icourse163.org,20016,医学统计学,null,67872,中山大学,SYSU
www.icourse163.org,488001,数据库系统概论（基础篇）,null,98184,中国人民大学,RUC
www.icourse163.org,1001573001,心理学与生活,null,274353,南京大学,NJU
www.icourse163.org,24001,简明世界史（一）,null,218880,武汉大学,WHU
www.icourse163.org,1001566011,感觉与知觉,null,26356,台湾新竹“清华大学”,NTHU
www.icourse163.org,1001929011,英语语法与写作,null,183450,暨南大学,JNU
www.icourse163.org,1002215007,多媒体技术与应用,null,31634,同济大学,TONGJI
www.icourse163.org,23004,大学计算机基础,null,101520,中国农业大学,CAU
www.icourse163.org,46006,计算机程序设计（C++）,null,162606,西安交通大学,XJTU
www.icourse163.org,1001872001,Python机器学习应用,null,29804,北京理工大学,BIT
www.icourse163.org,1001640001,钢琴弹奏基础,null,29682,东北大学,NEU
www.icourse163.org,20003,哲学问题,null,151017,浙江大学,ZJU
www.icourse163.org,495005,《道德经》的智慧启示,null,160307,中国海洋大学,OUC
www.icourse163.org,154005,计算机网络,null,130432,哈尔滨工业大学,HIT
www.icourse163.org,20001,博弈论基础,null,322861,浙江大学,ZJU
www.icourse163.org,51003,大学物理-量子物理,null,37287,国防科技大学,NUDT
www.icourse163.org,23003,微观经济学,null,372238,武汉大学,WHU
www.icourse163.org,1001733003,应用写作,null,28169,华中农业大学,HZAU
www.icourse163.org,1001614009,C语言程序设计——快速入门与提高CAP,null,46450,中国农业大学,CAU
www.icourse163.org,46002,大学物理—力学与热学,null,80677,北京理工大学,BIT
www.icourse163.org,20016,医学统计学,null,67872,中山大学,SYSU
www.icourse163.org,488001,数据库系统概论（基础篇）,null,98184,中国人民大学,RUC
www.icourse163.org,1001573001,心理学与生活,null,274353,南京大学,NJU
www.icourse163.org,24001,简明世界史（一）,null,218880,武汉大学,WHU
www.icourse163.org,1001566011,感觉与知觉,null,26356,台湾新竹“清华大学”,NTHU
www.icourse163.org,1001929011,英语语法与写作,null,183450,暨南大学,JNU
www.icourse163.org,1002215007,多媒体技术与应用,null,31634,同济大学,TONGJI
www.icourse163.org,23004,大学计算机基础,null,101520,中国农业大学,CAU
www.icourse163.org,46006,计算机程序设计（C++）,null,162606,西安交通大学,XJTU
www.icourse163.org,1001872001,Python机器学习应用,null,29804,北京理工大学,BIT
www.icourse163.org,1001640001,钢琴弹奏基础,null,29682,东北大学,NEU
www.icourse163.org,20003,哲学问题,null,151017,浙江大学,ZJU
www.icourse163.org,495005,《道德经》的智慧启示,null,160307,中国海洋大学,OUC
www.icourse163.org,154005,计算机网络,null,130432,哈尔滨工业大学,HIT
www.icourse163.org,20001,博弈论基础,null,322861,浙江大学,ZJU
www.icourse163.org,51003,大学物理-量子物理,null,37287,国防科技大学,NUDT
www.icourse163.org,23003,微观经济学,null,372238,武汉大学,WHU
www.icourse163.org,1001733003,应用写作,null,28169,华中农业大学,HZAU
www.icourse163.org,1001614009,C语言程序设计——快速入门与提高CAP,null,46450,中国农业大学,CAU
www.icourse163.org,46002,大学物理—力学与热学,null,80677,北京理工大学,BIT
www.icourse163.org,20016,医学统计学,null,67872,中山大学,SYSU
www.icourse163.org,488001,数据库系统概论（基础篇）,null,98184,中国人民大学,RUC
www.icourse163.org,1001573001,心理学与生活,null,274353,南京大学,NJU
www.icourse163.org,24001,简明世界史（一）,null,218880,武汉大学,WHU
www.icourse163.org,1001566011,感觉与知觉,null,26356,台湾新竹“清华大学”,NTHU
www.icourse163.org,1001929011,英语语法与写作,null,183450,暨南大学,JNU
www.icourse163.org,1002215007,多媒体技术与应用,null,31634,同济大学,TONGJI
www.icourse163.org,23004,大学计算机基础,null,101520,中国农业大学,CAU
www.icourse163.org,46006,计算机程序设计（C++）,null,162606,西安交通大学,XJTU
www.icourse163.org,1002575006,说话与倾听,null,14300,中国地质大学（武汉）,CUG
www.icourse163.org,46004,C语言程序设计（下）,null,116691,北京理工大学,BIT
www.icourse163.org,1001700020,中国饮食文化,null,108105,华中农业大学,HZAU
www.icourse163.org,1001729006,单片机原理与应用,null,81940,北京交通大学,NJTU
www.icourse163.org,476001,系统解剖学,null,91303,山东大学,SDU
www.icourse163.org,1001945002,管理会计学,null,69148,西南财经大学,SWUFE
www.icourse163.org,230009,简明世界史（二）,null,103934,武汉大学,WHU
www.icourse163.org,1002531008,操作系统,null,14100,哈尔滨工业大学,HIT
www.icourse163.org,1001600006,博弈论,null,127141,首都师范大学,CNU
www.icourse163.org,1002475002,科学计算与MATLAB语言,null,54772,中南大学,CSU
www.icourse163.org,1002021005,创业融资,null,14012,中央财经大学,CUFE
www.icourse163.org,1001616008,内部控制与风险管理,null,68369,中南财经政法大学,ZNUEDU
www.icourse163.org,1001691004,大学计算机——计算思维之路CAP,null,20832,北京交通大学,NJTU
www.icourse163.org,1001639002,高等数学（一）,null,66595,东北大学,NEU
www.icourse163.org,1001572004,结构生物化学,null,27525,南京大学,NJU
www.icourse163.org,1002083017,家庭理财,null,34494,大连理工大学,DLUT
www.icourse163.org,95002,当代青年心理学（一）认识青年篇,null,51208,西南交通大学,SWJTU
www.icourse163.org,368007,C++语言程序设计（上）,null,88210,中国农业大学,CAU
www.icourse163.org,1001967005,宠物犬鉴赏,null,38837,华中农业大学,HZAU
www.icourse163.org,1001536001,金融学基础,null,110712,电子科技大学,UESTC
www.icourse163.org,1001661002,电子商务,null,81609,重庆大学,CQU
www.icourse163.org,47017,大学计算机基础,null,132379,同济大学,TONGJI
www.icourse163.org,1002479004,微观经济学,null,13309,华中农业大学,HZAU
www.icourse163.org,47001,微积分(二),null,68312,北京理工大学,BIT
www.icourse163.org,481015,模拟电子技术基础,null,92267,华中科技大学,HUST
www.icourse163.org,1002599039,益智游戏的思维启迪,null,13208,浙江工业大学,ZJUT
www.icourse163.org,1002002002,创业基础,null,34655,暨南大学,JNU
www.icourse163.org,1001767005,无人机设计导论,null,27523,南京航空航天大学,NUAA
www.icourse163.org,1002704005,互联网金融概论,null,13117,中央财经大学,CUFE
www.icourse163.org,1002488009,市场营销英语,null,13080,广东外语外贸大学,GDUFS
www.icourse163.org,1001640007,概率论与数理统计--习题与案例分析,null,56414,浙江大学,ZJU
www.icourse163.org,1002525003,算法设计与分析,null,13063,北京大学,PKU
www.icourse163.org,17003,大学计算机基础,null,136623,国防科技大学,NUDT
www.icourse163.org,1002010028,针灸学,null,39912,厦门大学,XMU
www.icourse163.org,37001,画法几何与技术制图基础,null,48349,中国农业大学,CAU
www.icourse163.org,1001804013,经济学原理,null,94573,华中农业大学,HZAU
www.icourse163.org,47024,电路,null,194262,西安交通大学,XJTU
www.icourse163.org,1001933007,英美概况——纵览·博闻,null,30891,暨南大学,JNU
www.icourse163.org,1002576002,魅力语言学,null,12659,北京师范大学,BNU
www.icourse163.org,1002332019,创业法学,null,18646,江西财经大学,JXUFE
www.icourse163.org,1001742015,微积分（一）,null,29127,电子科技大学,UESTC
www.icourse163.org,1001606002,工科数学分析（一）,null,20174,北京航空航天大学,BUAA
www.icourse163.org,1002335004,大数据技术原理与应用,null,45730,厦门大学,XMU
www.icourse163.org,1002328025,逻辑学导论,null,31448,西北大学,NWU
www.icourse163.org,1001659002,计算机原理（下）,null,12393,国防科技大学,NUDT
www.icourse163.org,1001774015,大学物理（力学、振动波、热学、量子基础）,null,39527,东北大学,NEU
www.icourse163.org,212004,音乐导聆,null,112606,山东大学,SDU
www.icourse163.org,1001553026,大学英语过程写作,null,66017,吉林大学,JLU
www.icourse163.org,1002533002,生物学概念与途径,null,12226,北京大学,PKU
www.icourse163.org,1001623002,走进地理学,null,38716,南京大学,NJU
www.icourse163.org,1001933004,书法课堂,null,49377,东北大学,NEU
www.icourse163.org,1002489014,会计学,null,12139,浙江工商大学,HZIC
www.icourse163.org,43002,中国古代建筑艺术,null,148228,湖南大学,HNU
www.icourse163.org,1001909001,数字电子技术基础,null,30742,华中科技大学,HUST
www.icourse163.org,1001807007,计量经济学,null,39032,电子科技大学,UESTC
www.icourse163.org,1001664002,学术交流英语,null,69343,东南大学,SEU
www.icourse163.org,500004,《说文解字》与上古社会,null,83751,武汉大学,WHU
www.icourse163.org,1001742001,国际金融学,null,64784,湖南大学,HNU
www.icourse163.org,44006,大学物理3：电磁学,null,65019,同济大学,TONGJI
www.icourse163.org,1001785006,微积分（二）,null,26646,电子科技大学,UESTC
www.icourse163.org,1001894005,程序设计与算法（二）算法基础,null,79518,北京大学,PKU
www.icourse163.org,1001514005,《论语》的智慧,null,98347,西安交通大学,XJTU
www.icourse163.org,1001907004,数据结构,null,27615,华中科技大学,HUST
www.icourse163.org,452010,系统神经科学,null,10841,台湾新竹“清华大学”,NTHU
www.icourse163.org,1001773008,软件测试,null,20752,南京大学,NJU
www.icourse163.org,1001964022,中国传世名画鉴赏,null,10817,北京师范大学,BNU
www.icourse163.org,1002123007,编译原理,null,21044,哈尔滨工业大学,HIT
www.icourse163.org,1001516002,数据库系统（上）：模型与语言,null,78912,哈尔滨工业大学,HIT
www.icourse163.org,1001625001,计算机系统基础(一)：程序的表示、转换与链接,null,50237,南京大学,NJU
www.icourse163.org,1002480002,唐诗艺术,null,41858,武汉大学,WHU
www.icourse163.org,17002,大学物理-电磁学,null,16369,国防科技大学,NUDT
www.icourse163.org,298002,数据结构,null,49175,西北大学,NWU
www.icourse163.org,126003,模拟电子技术基础,null,90732,河北师范大学,HEBTU
www.icourse163.org,1002332006,大学英语进阶课程,null,37868,厦门大学,XMU
www.icourse163.org,1002249006,微摄影之“社交摄影”基础,null,31250,上海工程技术大学,sues
www.icourse163.org,191001,药理学,null,74596,山东大学,SDU
www.icourse163.org,1002601006,强歌声乐课堂,null,10598,中国音乐学院,CCM
www.icourse163.org,1001774009,走进性科学,null,16662,福建师范大学,FJNU
www.icourse163.org,1002029023,营养与健康讲座,null,11688,福建农林大学,FAFU
www.icourse163.org,1002415003,如何进行英语教学评价,null,10503,爱课程,icourse
www.icourse163.org,254001,数字电子技术基础,null,54450,哈尔滨工业大学,HIT
www.icourse163.org,1002603028,投资与理财,null,11808,浙江工商大学,HZIC
www.icourse163.org,1001931009,会计学原理,null,39172,福州大学,FZU
www.icourse163.org,1002526012,基础会计学,null,11740,西南交通大学,SWJTU
www.icourse163.org,1002355003,学术规范与论文写作,null,34358,电子科技大学,UESTC
www.icourse163.org,496001,孙子兵法与企业经营,null,41459,台湾新竹“交通大学”,NCTU
www.icourse163.org,19001,管理概论,null,201741,浙江大学,ZJU
www.icourse163.org,1002531023,国际名酒知识与品鉴,null,11683,暨南大学,JNU
www.icourse163.org,1001951004,高等代数（上）,null,11669,厦门大学,XMU
www.icourse163.org,51002,大学物理-相对论,null,26734,国防科技大学,NUDT
www.icourse163.org,1002331009,会计学原理,null,34821,江西财经大学,JXUFE
www.icourse163.org,1002608025,C语言程序设计,null,11597,西安理工大学,XAUT
www.icourse163.org,21014,马克思主义哲学原理精粹九讲,null,100328,武汉大学,WHU
www.icourse163.org,1002057028,大学计算机CAP,null,11555,西安交通大学,XJTU
www.icourse163.org,1002011001,孙子兵法的智慧应用,null,18812,哈尔滨工程大学,HRBEU
www.icourse163.org,1001949007,模拟电子技术,null,52195,北京交通大学,NJTU
www.icourse163.org,1001511011,数据库技术及应用,null,64625,东北师范大学,NENU
www.icourse163.org,1001752361,线性代数,null,16019,东南大学,SEU
www.icourse163.org,1001758008,工程流体力学,null,20070,北京理工大学,BIT
www.icourse163.org,1002350001,图形创意,null,11387,同济大学,TONGJI
www.icourse163.org,35001,高等数学（四）,null,102827,国防科技大学,NUDT
www.icourse163.org,400003,线性代数解题技巧及典型题解析,null,86150,山东大学,SDU
www.icourse163.org,1001776003,孙子兵法鉴赏,null,58657,福州大学,FZU
www.icourse163.org,1002246009,中国历代服饰赏析,null,38866,上海工程技术大学,sues
www.icourse163.org,1002141008,走进心理学,null,28366,西南交通大学,SWJTU
www.icourse163.org,1002598055,学设计 做产品,null,11228,湖南大学,HNU
www.icourse163.org,1001967009,思维导图的教学应用,null,38096,爱课程,icourse
www.icourse163.org,1002474002,诸子的智慧,null,46571,南开大学,NANKAI
www.icourse163.org,1002011005,交响音乐名著赏析,null,18963,电子科技大学,UESTC
www.icourse163.org,486001,宇宙新概念,null,49418,武汉大学,WHU
www.icourse163.org,46011,细胞生物学,null,87308,四川大学,SCU
www.icourse163.org,21001,中国近现代史纲要,null,134419,浙江大学,ZJU
www.icourse163.org,47004,大学计算机,null,253332,北京理工大学,BIT
www.icourse163.org,1002140001,互联网是如何工作的？,null,11048,哈索 普拉特纳研究院,HPIDE
www.icourse163.org,23002,方言与中国文化,null,124717,武汉大学,WHU
www.icourse163.org,1001555013,微课设计与制作,null,72059,爱课程,icourse
www.icourse163.org,1001615010,概率论与数理统计CAP,null,99843,浙江大学,ZJU
www.icourse163.org,1001635001,数学分析（三）,null,27862,华东师范大学,ECNU
www.icourse163.org,1001772013,脑洞大开背后的创新思维,null,33200,大连理工大学,DLUT
www.icourse163.org,1002203005,急您所脊——呵护我们的脊柱,null,10891,四川大学,SCU
www.icourse163.org,1002332010,数字图像处理,null,10493,武汉大学,WHU
www.icourse163.org,1002586001,中国少数民族神话赏析,null,10479,中央民族大学,MUC
www.icourse163.org,1001516003,理论力学,null,59682,哈尔滨工业大学,HIT
www.icourse163.org,1001529002,经济数学—线性代数,null,36486,武汉理工大学,WHUT
www.icourse163.org,1002608020,经济学导论,null,10446,对外经济贸易大学,UIBE
www.icourse163.org,1001948002,C语言程序设计,null,44337,大连理工大学,DLUT
www.icourse163.org,1001722003,外国文学史（二）,null,35612,浙江工商大学,HZIC
www.icourse163.org,1002530017,离散数学,null,10381,北京交通大学,NJTU
www.icourse163.org,1001807015,模拟电子技术基础,null,40945,西安交通大学,XJTU
www.icourse163.org,1002084006,文学经典导读,null,24169,华中师范大学,CCNU
www.icourse163.org,1001555021,科技与考古,null,22769,武汉大学,WHU
www.icourse163.org,46019,中国哲学经典著作导读,null,159734,西安交通大学,XJTU
www.icourse163.org,483006,信号与系统,null,52668,西安电子科技大学,XIDIAN
www.icourse163.org,1001614003,程序设计基础CAP,null,45268,哈尔滨工业大学,HIT
www.icourse163.org,1001978007,组织学与胚胎学,null,18362,中国医科大学,CMU
www.icourse163.org,1002535003,质性研究方法,null,10060,北京大学,PKU
www.icourse163.org,1001616011,高等数学典型例题与解法（一）,null,45064,国防科技大学,NUDT
www.icourse163.org,1002339010,实用绳结技术,null,10043,大连海事大学,DLMU
www.icourse163.org,1002331010,英汉互译方法与技巧,null,67928,南京大学,NJU
www.icourse163.org,1001639008,网络技术与应用,null,64597,南京邮电大学,NJUPT
www.icourse163.org,1001637008,数学文化十讲CAP,null,22453,南开大学,NANKAI
www.icourse163.org,432001,C++语言程序设计（下）——从C到C++,null,49827,中国农业大学,CAU
www.icourse163.org,1002578003,政治学概论,null,9435,北京大学,PKU
www.icourse163.org,1001774006,程序设计基础（C&C++）,null,54079,电子科技大学,UESTC
www.icourse163.org,96002,大学物理-力学和热学,null,41124,山东大学,SDU
www.icourse163.org,1001672008,英美诗歌名篇选读,null,54756,北京联合大学,BUU
www.icourse163.org,1001808011,IT行业职场英语,null,52619,大连理工大学,DLUT
www.icourse163.org,21002,新媒体概论,null,136897,浙江大学,ZJU
www.icourse163.org,1001530001,经济数学—微积分（二）,null,9382,武汉理工大学,WHUT
www.icourse163.org,47019,药用植物学,null,86391,四川大学,SCU
www.icourse163.org,1001983008,复变函数与积分变换,null,35906,华中科技大学,HUST
www.icourse163.org,437006,计算机专业导论,null,84499,哈尔滨工业大学,HIT
www.icourse163.org,1001530002,经济数学—概率论与数理统计,null,39288,武汉理工大学,WHUT
www.icourse163.org,21013,信息管理学基础,null,30944,武汉大学,WHU
www.icourse163.org,234010,英语进阶读与写（上）,null,9290,电子科技大学,UESTC
www.icourse163.org,1002534016,时尚与品牌,null,9287,浙江理工大学,ZSTU
www.icourse163.org,1002435001,人工智能系列前沿课程,null,72852,微软,MSRA
www.icourse163.org,1002660001,现代科学运算—MATLAB语言与应用,null,9283,东北大学,NEU
www.icourse163.org,1001660013,数据结构,null,35303,中国人民解放军陆军工程大学,PAEU
www.icourse163.org,1002606041,Matlab数学实验,null,9258,东华大学,DHU
www.icourse163.org,206001,数字电子技术基础,null,90061,国防科技大学,NUDT
www.icourse163.org,1002529012,财务管理,null,9235,西南交通大学,SWJTU
www.icourse163.org,1002058028,C语言程序设计,null,19109,吉林大学,JLU
www.icourse163.org,7001,大学计算机—计算思维导论,null,236797,哈尔滨工业大学,HIT
www.icourse163.org,1002345001,运筹学,null,22442,江西财经大学,JXUFE
www.icourse163.org,89003,土木工程施工基本原理,null,88697,同济大学,TONGJI
www.icourse163.org,1001965017,数据库系统概论（新技术篇）,null,35959,中国人民大学,RUC
www.icourse163.org,1001971011,创意学经济,null,9118,台湾新竹“交通大学”,NCTU
www.icourse163.org,1001929009,微积分（三）,null,14986,电子科技大学,UESTC
www.icourse163.org,1002255002,微软人工智能 - 深度学习框架和工具,null,19696,微软,MSRA
www.icourse163.org,1002535019,电磁场与电磁波,null,9108,北京交通大学,NJTU
www.icourse163.org,481002,概率论与数理统计,null,55920,同济大学,TONGJI
www.icourse163.org,1001745011,新科学家英语：演讲与写作,null,77410,哈尔滨工业大学,HIT
www.icourse163.org,1002531015,生活中的DNA科学,null,9101,西南大学,SWU
www.icourse163.org,1002608044,美国诺奖作家经典赏析,null,9097,厦门大学,XMU
www.icourse163.org,1002529002,计算概论与程序设计基础,null,9096,北京大学,PKU
www.icourse163.org,1002081006,人体解剖学,null,26587,南昌大学,NCU
www.icourse163.org,1001527001,计算机组成原理（下）,null,51653,哈尔滨工业大学,HIT
www.icourse163.org,1002477004,英国文学导读,null,9029,华中农业大学,HZAU
www.icourse163.org,21012,分子生物学,null,60586,武汉大学,WHU
www.icourse163.org,1002267006,电机学,null,21257,哈尔滨工业大学,HIT
www.icourse163.org,1001617002,高等数学—微积分CAP,null,80667,山东大学,SDU
www.icourse163.org,1001531001,自动控制原理,null,71145,华中科技大学,HUST
www.icourse163.org,1001692002,广告创意学,null,68720,湖南大学,HNU
www.icourse163.org,1002187001,线性代数,null,19974,华中农业大学,HZAU
www.icourse163.org,1001779003,“互联网+”管理学,null,40254,渤海大学,BHU
www.icourse163.org,1001639009,微积分导论(一),null,25675,台湾新竹“清华大学”,NTHU
www.icourse163.org,1002329023,高等数学（一）,null,30495,华中农业大学,HZAU
www.icourse163.org,1001759007,财务报表编制,null,63479,福州大学,FZU
www.icourse163.org,1002027004,轻松学统计,null,35827,江西财经大学,JXUFE
www.icourse163.org,236004,C程序设计,null,62481,西北工业大学,NWPU
www.icourse163.org,1002193001,大学物理专题：质点力学、刚体与流体、电磁学、相对论,null,9653,东南大学,SEU
www.icourse163.org,1002201007,eye我所爱——呵护你的眼,null,30099,四川大学,SCU
www.icourse163.org,1002530018,莎士比亚戏剧赏析,null,9541,北京师范大学,BNU
www.icourse163.org,1001655006,数据库系统概论（高级篇）,null,44444,中国人民大学,RUC
www.icourse163.org,1002081005,英语有效表达：语言、修辞与逻辑,null,28923,电子科技大学,UESTC
www.icourse163.org,1002701018,会计学基础,null,9513,北京大学,PKU
www.icourse163.org,416001,微软亚洲研究院大数据系列讲座,null,38389,微软,MSRA
www.icourse163.org,1002601030,大学英语综合教程（初级）,null,9506,华中农业大学,HZAU
www.icourse163.org,1001727012,植物学,null,45300,华中农业大学,HZAU
www.icourse163.org,1001516001,有机化学,null,35121,华中农业大学,HZAU
www.icourse163.org,1001690001,世界华文文学经典欣赏,null,63575,武汉大学,WHU
www.icourse163.org,1002535012,微观经济学,null,8969,西南交通大学,SWJTU
www.icourse163.org,1001647001,微机原理与接口技术,null,49485,西安交通大学,XJTU
www.icourse163.org,89002,VisualBasic.NET程序设计,null,12462,同济大学,TONGJI
www.icourse163.org,1002533006,会计学基础,null,8928,哈尔滨工业大学,HIT
www.icourse163.org,56001,程序设计基础,null,81835,哈尔滨工业大学,HIT
www.icourse163.org,500002,电路分析基础,null,67177,电子科技大学,UESTC
www.icourse163.org,33001,大学语文,null,125840,东南大学,SEU
www.icourse163.org,1001962032,材料力学,null,31477,大连理工大学,DLUT
www.icourse163.org,1002603073,中国近现代史纲要,null,8710,浙江理工大学,ZSTU
www.icourse163.org,1001675008,大学物理4：光学,null,18547,同济大学,TONGJI
www.icourse163.org,1002472003,风景素描,null,8644,华中农业大学,HZAU
www.icourse163.org,94003,当代青年心理学(三)青年自我意识篇,null,42682,西南交通大学,SWJTU
www.icourse163.org,1002531002,社会调查与研究方法,null,8598,北京大学,PKU
www.icourse163.org,495004,世界优秀影片赏析,null,186654,中国海洋大学,OUC
www.icourse163.org,448001,冷战史专题,null,56881,华东师范大学,ECNU
www.icourse163.org,1002084008,脑洞大开背后的创新方法,null,17004,大连理工大学,DLUT
www.icourse163.org,1002268006,离散数学,null,22325,电子科技大学,UESTC
www.icourse163.org,437005,医学生理学,null,72876,山东大学,SDU
www.icourse163.org,1002014003,《红楼梦》的空间艺术,null,29525,暨南大学,JNU
www.icourse163.org,1001672011,大学物理5：量子物理,null,20563,同济大学,TONGJI
www.icourse163.org,1002128009,领导力与团队管理,null,8532,电子科技大学,UESTC
www.icourse163.org,1001998009,电工学,null,35858,哈尔滨工业大学,HIT
www.icourse163.org,1001998008,电路（上）,null,41429,哈尔滨工业大学,HIT
www.icourse163.org,47012,管理运筹学,null,126158,北京理工大学,BIT
www.icourse163.org,1001717004,中国近现代史纲要,null,68232,武汉大学,WHU
www.icourse163.org,207002,微积分（二）,null,49441,哈尔滨工业大学,HIT
www.icourse163.org,1002080018,微机原理与接口技术,null,20596,北京交通大学,NJTU
www.icourse163.org,1001967006,人文飘香：静思茶道,null,8410,慈济大学,TCU
www.icourse163.org,1001595002,机械设计基础,null,34928,西安交通大学,XJTU
www.icourse163.org,1001543001,VisualBasic6.0程序设计,null,45446,同济大学,TONGJI
www.icourse163.org,1001694005,运筹学,null,36848,中国人民解放军陆军工程大学,PAEU
www.icourse163.org,24002,古文字学,null,133340,武汉大学,WHU
www.icourse163.org,20020,大学物理—电磁学,null,62724,北京理工大学,BIT
www.icourse163.org,1001597002,中国传统文化,null,38998,西安交通大学,XJTU
www.icourse163.org,204001,信号与系统,null,62018,东南大学,SEU
www.icourse163.org,1002225001,改善深层神经网络：超参数调试、正则化以及优化,null,8275,deeplearning.ai,DA
www.icourse163.org,1002008001,大学生性健康修养,null,19239,山东大学,SDU
www.icourse163.org,47016,机械原理,null,36625,北京理工大学,BIT
www.icourse163.org,1002535014,市场营销学,null,8266,西南交通大学,SWJTU
www.icourse163.org,93002,当代青年心理学(二)青年身心发展篇,null,26175,西南交通大学,SWJTU
www.icourse163.org,1001590004,概率论与数理统计,null,37850,电子科技大学,UESTC
www.icourse163.org,1001638002,线性代数,null,48775,东北大学,NEU
www.icourse163.org,1001980005,儿科学,null,35517,复旦大学,FUDAN
www.icourse163.org,1001615007,微积分CAP,null,51008,同济大学,TONGJI
www.icourse163.org,1001673004,大学物理实验,null,23570,国防科技大学,NUDT
www.icourse163.org,1001769008,老子的人生智慧,null,72111,东北大学,NEU
www.icourse163.org,1001634006,数学分析（四）,null,28383,华东师范大学,ECNU
www.icourse163.org,1002423003,教学动画制作与实战,null,8106,广西师范学院,gxtc
www.icourse163.org,9002,文献管理与信息分析,null,80912,中国科学技术大学,USTC
www.icourse163.org,1002332024,数学分析（六）,null,8063,华东师范大学,ECNU
www.icourse163.org,136001,新媒体素养,null,75651,中山大学,SYSU
www.icourse163.org,1001764001,市场营销学,null,67702,福州大学,FZU
www.icourse163.org,1002338005,中医养生与亚健康防治,null,30093,暨南大学,JNU
www.icourse163.org,1002485006,新大学英语·阅读与思辨（下）,null,8012,重庆大学,CQU
www.icourse163.org,1001737032,走进创业,null,47302,南京大学,NJU
www.icourse163.org,1001639001,英语语言学概论,null,40396,东北大学,NEU
www.icourse163.org,1002533025,中级会计学,null,7943,中南财经政法大学,ZNUEDU
www.icourse163.org,88002,电工学,null,81975,同济大学,TONGJI
www.icourse163.org,1001962031,中级财务会计（二）,null,39037,哈尔滨工业大学,HIT
www.icourse163.org,1001540001,计算机网络技术,null,74842,吉林大学,JLU
www.icourse163.org,1001624002,营养与健康,null,64539,南京大学,NJU
www.icourse163.org,387004,针灸学导论,null,78062,北京中医药大学,BUCM
www.icourse163.org,1001533003,佛教文化,null,76284,武汉大学,WHU
www.icourse163.org,45007,大学物理4：光学、近代物理,null,27909,同济大学,TONGJI
www.icourse163.org,1002541001,线性代数,null,7876,厦门大学,XMU
www.icourse163.org,1002080015,中国税制,null,20704,中南财经政法大学,ZNUEDU
www.icourse163.org,1001545004,管理学,null,72717,电子科技大学,UESTC
www.icourse163.org,88003,外科手术技能教学,null,73684,同济大学,TONGJI
www.icourse163.org,1002484006,高等数学（二）,null,7801,华中农业大学,HZAU
www.icourse163.org,1002146004,市场营销,null,25826,四川大学,SCU
www.icourse163.org,88009,风景园林景观设计原理,null,73433,同济大学,TONGJI
www.icourse163.org,1001960018,模拟电子电路与技术基础,null,32995,西安电子科技大学,XIDIAN
www.icourse163.org,1001907001,生物信息学,null,21879,山东大学,SDU
www.icourse163.org,315001,网络技术与应用,null,52503,中国人民解放军陆军工程大学,PAEU
www.icourse163.org,1001754173,中国古典诗文朗诵与吟诵,null,19415,江苏师范大学,XZNU
www.icourse163.org,495006,《世说新语》的国学密码解析,null,45207,中国海洋大学,OUC
www.icourse163.org,1002011030,创业计划,null,22744,江苏大学,UJS
www.icourse163.org,1001571006,理解马克思,null,45931,南京大学,NJU
www.icourse163.org,1002534011,管理学原理,null,7690,暨南大学,JNU
www.icourse163.org,53001,城市总体规划,null,59624,同济大学,TONGJI
www.icourse163.org,1002208026,综合能力训练（ERP模拟经营沙盘）,null,15627,西南财经大学,SWUFE
www.icourse163.org,1002580004,C语言程序设计,null,7660,福建师范大学,FJNU
www.icourse163.org,1001656002,电路分析基础,null,72779,南京邮电大学,NJUPT
www.icourse163.org,1002488005,C语言程序设计(上)CAP,null,7609,北京理工大学,BIT
www.icourse163.org,1002533015,新生儿科学,null,7593,西安交通大学,XJTU
www.icourse163.org,1001871001,Python科学计算三维可视化,null,45764,北京理工大学,BIT
www.icourse163.org,1001596005,系统工程,null,12835,西安交通大学,XJTU
www.icourse163.org,1001572001,高等数学习题课（二）,null,40157,哈尔滨工业大学,HIT
www.icourse163.org,236010,数字信号处理,null,43351,电子科技大学,UESTC
www.icourse163.org,1002202006,公司法,null,17265,四川大学,SCU
www.icourse163.org,1001691003,结构力学,null,42487,重庆大学,CQU
www.icourse163.org,1002554004,高等代数（下）,null,7464,厦门大学,XMU
www.icourse163.org,20007,机械原理,null,71707,西北工业大学,NWPU
www.icourse163.org,1002703026,儒家经典文献导读,null,7451,北京师范大学,BNU
www.icourse163.org,1002530009,巴蜀文化,null,7450,四川大学,SCU
www.icourse163.org,1002449001,MOOC大家谈,null,7386,爱课程,icourse
www.icourse163.org,1001662021,大学英语综合课程（二）,null,33464,国防科技大学,NUDT
www.icourse163.org,1001709017,经济学,null,46248,电子科技大学,UESTC
www.icourse163.org,1002485003,新大学英语·阅读与思辨（上）,null,7367,重庆大学,CQU
www.icourse163.org,154003,大学物理(力学、振动和波、相对论),null,20865,哈尔滨工业大学,HIT
www.icourse163.org,1002471003,美术鉴赏——中国传统绘画鉴赏,null,7345,华中农业大学,HZAU
www.icourse163.org,1001593008,大学物理——机械振动、波和波动光学,null,22389,西安交通大学,XJTU
www.icourse163.org,1001986002,android智能手机编程,null,16719,国家开放大学,TOUC
www.icourse163.org,1001780002,用药快餐车,null,7264,台北医学大学,TMU
www.icourse163.org,1001590002,大学化学(上),null,28595,中南大学,CSU
www.icourse163.org,1001765007,书法学堂,null,14247,福建农林大学,FAFU
www.icourse163.org,1001563013,西方文学经典鉴赏,null,77402,北京师范大学,BNU
www.icourse163.org,1002477002,好玩的广告学,null,7210,宁波大学,NBU
www.icourse163.org,1002127006,大学生心理健康教育,null,15782,河南经贸职业学院,HNJMXY
www.icourse163.org,24007,解剖与临床,null,93651,武汉大学,WHU
www.icourse163.org,1002338003,营销管理,null,7140,电子科技大学,UESTC
www.icourse163.org,1002224002,《文心雕龙》导读,null,16323,山东大学,SDU
www.icourse163.org,46005,机械制图及数字化表达,null,40459,北京理工大学,BIT
www.icourse163.org,1001514008,太极拳文化与功法习练,null,42406,武汉理工大学,WHUT
www.icourse163.org,1002529013,中级宏观经济学,null,7097,西南财经大学,SWUFE
www.icourse163.org,1001511012,比较文学,null,31443,华中师范大学,CCNU
www.icourse163.org,1001918002,中学语文名篇选讲,null,10016,福建师范大学,FJNU
www.icourse163.org,1001617003,大学计算机基础CAP,null,45119,中国农业大学,CAU
www.icourse163.org,1001812013,软件工程,null,32334,东北大学,NEU
www.icourse163.org,1002226001,结构化机器学习项目,null,7029,deeplearning.ai,DA
www.icourse163.org,359002,计算机原理,null,48965,国防科技大学,NUDT
www.icourse163.org,1002578004,组织行为与领导力,null,7013,华侨大学,HQU
www.icourse163.org,410003,结构力学（一）,null,52411,西南交通大学,SWJTU
www.icourse163.org,1001752018,茶叶品鉴艺术,null,7901,南京农业大学,NJAU
www.icourse163.org,1002146003,民法与生活,null,14221,暨南大学,JNU
www.icourse163.org,1002084010,电路,null,14826,北京交通大学,NJTU
www.icourse163.org,1002250016,创造性心理学,null,18202,北京师范大学,BNU
www.icourse163.org,44001,有机化学（上）,null,58147,大连理工大学,DLUT
www.icourse163.org,1002528015,工程图学,null,6914,上海交通大学,SJTU
www.icourse163.org,316006,通信原理,null,57144,国防科技大学,NUDT
www.icourse163.org,1001549001,传感器技术,null,51290,武汉大学,WHU
www.icourse163.org,1002529010,管理沟通,null,6883,西南交通大学,SWJTU
www.icourse163.org,1002339009,理性色彩 智慧人生,null,6864,暨南大学,JNU
www.icourse163.org,1001805015,文学经典导读,null,55449,东北师范大学,NENU
www.icourse163.org,1001717005,思想道德修养与法律基础,null,73401,武汉大学,WHU
www.icourse163.org,409004,从大学生到经理人的36项修炼,null,114885,西南交通大学,SWJTU
www.icourse163.org,1001627002,地理信息系统概论,null,25925,中山大学,SYSU
www.icourse163.org,1001755117,云计算技术与应用,null,10832,河海大学,HHU
www.icourse163.org,433001,“二十一世纪的计算”学术研讨会,null,6792,微软,MSRA
www.icourse163.org,1001936003,信息素养通识教程：数字化生存的必修课,null,14732,中山大学,SYSU
www.icourse163.org,1002193002,数学竞赛选讲,null,13332,山东大学,SDU
www.icourse163.org,1002534008,中国文化英语讲,null,6774,东北大学,NEU
www.icourse163.org,1002083016,交通运输概论,null,6768,北京交通大学,NJTU
www.icourse163.org,20011,中国文化概论,null,137714,武汉大学,WHU
www.icourse163.org,1001939003,运动与健康,null,24854,湖北大学,HUBU
www.icourse163.org,1001756009,大学语文,null,36234,西北大学,NWU
www.icourse163.org,1002525019,电路分析基础,null,6714,西安电子科技大学,XIDIAN
www.icourse163.org,1001966042,大学物理专题：振动与波、光学、热学、量子物理,null,6711,东南大学,SEU
www.icourse163.org,1001686003,概率论与数理统计,null,30198,重庆大学,CQU
www.icourse163.org,1001755354,中医内科学,null,9088,南京中医药大学,NJUTCM
www.icourse163.org,21006,中国诗歌艺术,null,54200,四川大学,SCU
www.icourse163.org,1002043010,流体力学,null,19345,大连理工大学,DLUT
www.icourse163.org,1002246017,基于Java的面向对象编程范式,null,12035,南京大学,NJU
www.icourse163.org,1002530014,财政学,null,6668,西南财经大学,SWUFE
www.icourse163.org,1001773005,微生物学,null,24879,厦门大学,XMU
www.icourse163.org,1001917001,大学物理—力学、振动与波动,null,23131,大连理工大学,DLUT
www.icourse163.org,1002257003,微软人工智能 - 数据分析平台,null,14569,微软,MSRA
www.icourse163.org,1002423002,教师职业道德,null,6600,成都学院,CDU
www.icourse163.org,1001691002,普通物理,null,29890,同济大学,TONGJI
www.icourse163.org,1001615001,线性代数与空间解析几何CAP,null,41610,电子科技大学,UESTC
www.icourse163.org,1002527016,人体解剖生理学,null,6580,西北工业大学,NWPU
www.icourse163.org,1002104012,F3：财务会计,null,20954,西安交通大学,XJTU
www.icourse163.org,20006,局部解剖学,null,88427,山东大学,SDU
www.icourse163.org,1001967032,中国文化与当代中国,null,12142,南京大学,NJU
www.icourse163.org,1002083012,新型陶瓷材料与商业应用,null,10896,福州大学,FZU
www.icourse163.org,1001551010,电子技术实验基础（一：电路分析),null,31693,电子科技大学,UESTC
www.icourse163.org,1002056012,中国税制,null,33557,江西财经大学,JXUFE
www.icourse163.org,1001517001,现代教育技术,null,35643,陕西师范大学,SNNU
www.icourse163.org,1002597010,中国古代音乐史,null,6410,中央音乐学院,CCOM
www.icourse163.org,168004,高速铁路桥梁与隧道工程,null,11942,西南交通大学,SWJTU
www.icourse163.org,1001554030,数据库系统（中）：建模与设计,null,41978,哈尔滨工业大学,HIT
www.icourse163.org,1001703008,视觉保健康复技术,null,33945,金陵科技学院,JIT
www.icourse163.org,1002580007,创意逐格动画,null,6381,华中农业大学,HZAU
www.icourse163.org,1002339008,风险投资与创业融资,null,18556,电子科技大学,UESTC
www.icourse163.org,305001,材料力学,null,50936,西南交通大学,SWJTU
www.icourse163.org,1001591003,食物营养与食品安全,null,64684,中南大学,CSU
www.icourse163.org,1001616012,程序猿与攻城狮,null,62887,南京大学,NJU
www.icourse163.org,1001598002,艺术导论,null,28340,西安交通大学,XJTU
www.icourse163.org,1002081008,医学免疫学,null,12310,南昌大学,NCU
www.icourse163.org,1001669001,成功心理与人才发展,null,41450,哈尔滨工业大学,HIT
www.icourse163.org,1001553012,英语教学与互联网,null,44471,爱课程,icourse
www.icourse163.org,1001701011,外国文学史（一）,null,48176,浙江工商大学,HZIC
www.icourse163.org,1002127001,大学计算机--Python算法实践,null,18017,东北大学,NEU
www.icourse163.org,1002547003,通用学术英语,null,6245,北京科技大学,USTB
www.icourse163.org,1001936008,有机化学,null,22188,华中科技大学,HUST
www.icourse163.org,1001773023,诺奖作家英文作品赏析,null,18380,哈尔滨工业大学,HIT
www.icourse163.org,409003,中华名相之管仲管理思想,null,103144,西南交通大学,SWJTU
www.icourse163.org,1002598057,计算机网络自学笔记,null,6221,杭州电子科技大学,HDU
www.icourse163.org,1001616001,微积分CAP,null,43935,哈尔滨工业大学,HIT
www.icourse163.org,1001775006,实用大众线性代数(MATLAB版),null,41398,西安电子科技大学,XIDIAN
www.icourse163.org,1002083024,跨文化交流,null,14722,东北大学,NEU
www.icourse163.org,45006,计算机图形学,null,39465,中国农业大学,CAU
www.icourse163.org,46016,大学计算机,null,60080,西安交通大学,XJTU
www.icourse163.org,1002599066,高等数学习题课（1）,null,6121,山东大学,SDU
www.icourse163.org,1002083019,人体骨与关节解剖学,null,14302,宁波大学,NBU
www.icourse163.org,1001646001,组织行为学,null,49595,中南财经政法大学,ZNUEDU
www.icourse163.org,1001862005,C编程方法学,null,13731,武汉理工大学,WHUT
www.icourse163.org,1002530025,服装流行分析与预测,null,6085,浙江理工大学,ZSTU
www.icourse163.org,1002089009,数值分析,null,15591,东北大学,NEU
www.icourse163.org,1002332004,高级财务会计,null,12388,江西财经大学,JXUFE
www.icourse163.org,46010,生殖健康——“性”福学堂,null,126259,四川大学,SCU
www.icourse163.org,1002145003,ACCA财务管理F9,null,13373,西安交通大学,XJTU
www.icourse163.org,1001626011,药物分析,null,29009,中国药科大学,CPU
www.icourse163.org,1001665002,工科数学分析（二）,null,13345,北京航空航天大学,BUAA
www.icourse163.org,46018,自动控制原理,null,14517,西安交通大学,XJTU
www.icourse163.org,1002305003,微软人工智能 - 概览,null,25451,微软,MSRA
www.icourse163.org,1002536014,机械制图,null,5856,哈尔滨工程大学,HRBEU
www.icourse163.org,1002080009,口腔探密,null,9286,南昌大学,NCU
www.icourse163.org,234014,数字逻辑设计及应用,null,34192,电子科技大学,UESTC
www.icourse163.org,1002417002,班主任的沟通艺术,null,5819,爱课程,icourse
www.icourse163.org,1001672006,网络与新媒体应用模式,null,37953,华中科技大学,HUST
www.icourse163.org,1002535018,世界三大宗教与艺术,null,5796,华中师范大学,CCNU
www.icourse163.org,1002526010,画法几何及机械制图,null,5780,东北大学,NEU
www.icourse163.org,1002008002,微积分（四）,null,15050,电子科技大学,UESTC
www.icourse163.org,1001755037,计算机网络基础及应用,null,13001,南京理工大学,NJUST
www.icourse163.org,335001,大学物理力学篇（通识类）,null,34648,西安交通大学,XJTU
www.icourse163.org,1001766012,嵌入式系统与实验,null,30493,厦门大学,XMU
www.icourse163.org,1001554013,游戏化教学法,null,32826,爱课程,icourse
www.icourse163.org,1001591002,中国近现代史纲要,null,41241,中南大学,CSU
www.icourse163.org,1002547002,线性代数及其应用,null,6083,天津大学,TJU
www.icourse163.org,1002525012,管理学原理,null,6083,西南交通大学,SWJTU
www.icourse163.org,1001743002,植物学,null,25581,西北大学,NWU
www.icourse163.org,1002105006,数字电子技术基础,null,14334,北京交通大学,NJTU
www.icourse163.org,1002528006,物理化学（上）,null,6072,天津大学,TJU
www.icourse163.org,1001570004,药物化学,null,32697,中国药科大学,CPU
www.icourse163.org,1002085005,分子生物学,null,6059,西安交通大学,XJTU
www.icourse163.org,1001764007,细胞生物学,null,30157,厦门大学,XMU
www.icourse163.org,1001752282,《论语》教育智慧品绎,null,33133,华南师范大学,scnu
www.icourse163.org,1001638003,复变函数与积分变换,null,52124,东北大学,NEU
www.icourse163.org,1002042002,外经贸英语函电,null,7314,福建农林大学,FAFU
www.icourse163.org,1001700016,经典导读与欣赏,null,45350,西南大学,SWU
www.icourse163.org,1002038001,现代仪器分析,null,8404,福建农林大学,FAFU
www.icourse163.org,1001603003,数字营销：走进智慧的品牌,null,70639,暨南大学,JNU
www.icourse163.org,1001772002,“互联网+”时代的颠覆与创新,null,61936,湖南大学,HNU
www.icourse163.org,1002603040,有机化学,null,5988,北京化工大学,BUCT
www.icourse163.org,1002527005,学习工程与管理,null,5971,北京大学,PKU
www.icourse163.org,1001931010,品牌管理,null,14245,福州大学,FZU
www.icourse163.org,1002327019,创新管理,null,14655,浙江大学,ZJU
www.icourse163.org,1002012029,教学论,null,5724,北京师范大学,BNU
www.icourse163.org,1001516005,材料力学,null,44516,哈尔滨工业大学,HIT
www.icourse163.org,195001,护理学基础（上篇）,null,47952,山东大学,SDU
www.icourse163.org,1002598041,初级汉语语法,null,5688,北京语言大学,BLCU
www.icourse163.org,1001907006,数字电子技术,null,37520,中南大学,CSU
www.icourse163.org,88008,风景园林景观规划原理,null,55969,同济大学,TONGJI
www.icourse163.org,493001,C#程序设计,null,35996,西北工业大学,NWPU
www.icourse163.org,1002039003,生活中的货币时间价值,null,33452,暨南大学,JNU
www.icourse163.org,396003,大学计算机——医学计算基础,null,14643,第四军医大学,FMMU
www.icourse163.org,1001988002,电工技术（电工学 上）,null,16955,大连理工大学,DLUT
www.icourse163.org,1002597040,中级财务会计（三）,null,5618,哈尔滨工业大学,HIT
www.icourse163.org,1001962014,“互联网+”时代教师个人知识管理,null,16384,爱课程,icourse
www.icourse163.org,1001765002,艺术教育,null,20403,保定学院,BDU
www.icourse163.org,1001700025,建筑设计空间基础认知,null,17380,哈尔滨工业大学,HIT
www.icourse163.org,1001945006,概率论与数理统计,null,29275,山东大学,SDU
www.icourse163.org,292001,管理沟通,null,102525,华北电力大学,NUEPU
www.icourse163.org,1001515006,中国传统艺术——篆刻、书法、水墨画体验与欣赏,null,65576,哈尔滨工业大学,HIT
www.icourse163.org,1002146006,行政职业能力提升,null,13285,暨南大学,JNU
www.icourse163.org,1002248007,电子技术（电工学 下）,null,12224,大连理工大学,DLUT
www.icourse163.org,1001959005,现代控制理论基础,null,9389,西北工业大学,NWPU
www.icourse163.org,1002339007,中国衣裳——传统服装文化,null,16336,西南交通大学,SWJTU
www.icourse163.org,1002146002,企业战略管理,null,13766,四川大学,SCU
www.icourse163.org,1002005005,创业之路——带你玩转商业模式,null,32655,广东技术师范学院,GDIA
www.icourse163.org,1001578001,数据库系统（下）：管理与技术,null,36475,哈尔滨工业大学,HIT
www.icourse163.org,1002536013,速成汉语语法课堂,null,5497,北京语言大学,BLCU
www.icourse163.org,1002535024,工程热力学,null,5488,上海交通大学,SJTU
www.icourse163.org,1002603083,高等数学习题课（2）,null,5486,山东大学,SDU
www.icourse163.org,1002246015,嵌入式系统原理及应用,null,12503,哈尔滨工业大学,HIT
www.icourse163.org,1002199013,科技英语语法,null,5483,西安电子科技大学,XIDIAN
www.icourse163.org,1001965012,人人学点营销学,null,42381,中南财经政法大学,ZNUEDU
www.icourse163.org,1002190001,走近中华优秀传统文化,null,15160,南京大学,NJU
www.icourse163.org,20018,微电子电路基础,null,13798,北京理工大学,BIT
www.icourse163.org,1002575003,文献检索,null,5421,华东理工大学,ECUST
www.icourse163.org,1001907003,软件测试与质量,null,10822,华中科技大学,HUST
www.icourse163.org,251001,信息安全概论,null,34591,中国农业大学,CAU
www.icourse163.org,1002123005,高级语言程序设计,null,11095,东北大学,NEU
www.icourse163.org,1002106007,概率论与数理统计,null,14478,西安交通大学,XJTU
www.icourse163.org,1002451001,电子技术综合实践,null,5358,华东师范大学,ECNU
www.icourse163.org,1002711005,东方电影,null,5352,武汉大学,WHU
www.icourse163.org,1001959013,中国十大传统名曲赏析,null,26027,电子科技大学,UESTC
www.icourse163.org,21004,航天器控制原理,null,16181,西北工业大学,NWPU
www.icourse163.org,1002249011,计算机组成原理,null,13395,东北大学,NEU
www.icourse163.org,1002010027,模拟电子技术基础,null,24061,国防科技大学,NUDT
www.icourse163.org,1002056024,微机原理与接口技术,null,11635,吉林大学,JLU
www.icourse163.org,1001757009,现代工程制图（上）,null,47346,大连理工大学,DLUT
www.icourse163.org,88007,风景园林景观规划设计基本原理,null,67588,同济大学,TONGJI
www.icourse163.org,1002330003,设计之美,null,20174,哈尔滨工业大学,HIT
www.icourse163.org,1002527019,营商的法律智慧：商法,null,5286,暨南大学,JNU
www.icourse163.org,1001630001,无机化学（上）,null,33877,大连理工大学,DLUT
www.icourse163.org,1001911003,3D打印技术及应用,null,19683,西北工业大学,NWPU
www.icourse163.org,68001,力学(上),null,16055,吉林大学,JLU
www.icourse163.org,298007,软件工程专业导论,null,43364,哈尔滨工业大学,HIT
www.icourse163.org,1002203008,公司理财,null,12223,华中农业大学,HZAU
www.icourse163.org,1001756011,线性代数习题选讲,null,12806,北京理工大学,BIT
www.icourse163.org,1002587001,人文地理学,null,5201,华东师范大学,ECNU
www.icourse163.org,1002535026,中国智慧,null,5198,华东师范大学,ECNU
www.icourse163.org,1001979006,高等数学典型例题与解法（二）,null,16851,国防科技大学,NUDT
www.icourse163.org,21005,流行病学基础（一）,null,48546,北京大学,PKU
www.icourse163.org,1002533010,中药学,null,15495,成都中医药大学,CDUTCM
www.icourse163.org,1002083018,社会调查与统计分析,null,10812,大连理工大学,DLUT
www.icourse163.org,1001696001,外国文学经典选读与现实观照,null,38498,电子科技大学,UESTC
www.icourse163.org,17001,机械设计,null,56217,西北工业大学,NWPU
www.icourse163.org,1002027019,匠心与创新——家具行业创新创业,null,5713,福建农林大学,FAFU
www.icourse163.org,1001754371,马克思主义基本原理概论,null,12356,南京航空航天大学,NUAA
www.icourse163.org,1002327013,国际金融,null,14740,江西财经大学,JXUFE
www.icourse163.org,1001964032,计算机系统基础（二）：程序的执行和存储访问,null,21688,南京大学,NJU
www.icourse163.org,1002012023,城市生态规划,null,5080,北京师范大学,BNU
www.icourse163.org,1001916001,生活药学,null,6219,福建师范大学,FJNU
www.icourse163.org,1001936007,VB.NET程序设计,null,16952,华中科技大学,HUST
www.icourse163.org,1001614001,化学与社会CAP,null,9928,大连理工大学,DLUT
www.icourse163.org,1002528016,教学设计原理与方法,null,5055,华南师范大学,scnu
www.icourse163.org,1002047009,汇编语言程序设计,null,17362,电子科技大学,UESTC
www.icourse163.org,199002,国际贸易学,null,71877,山东大学,SDU
www.icourse163.org,21017,女性学：女性精神在现代社会中的挑战,null,88351,四川大学,SCU
www.icourse163.org,1001752349,普通天文学,null,6907,南京大学,NJU
www.icourse163.org,1001770002,电气控制实践训练,null,32077,厦门大学,XMU
www.icourse163.org,1001985002,科学计算与数学建模,null,18316,中南大学,CSU
www.icourse163.org,1001988001,财政学,null,30657,中南财经政法大学,ZNUEDU
www.icourse163.org,1001622002,天文探秘,null,58118,南京大学,NJU
www.icourse163.org,1001741023,魅力汉语,null,38238,华中农业大学,HZAU
www.icourse163.org,1002529016,基础微积分,null,4952,中国科学技术大学,USTC
www.icourse163.org,1002419002,教师课堂教学技能的自我提升,null,4951,爱课程,icourse
www.icourse163.org,1002693006,思想道德修养与法律基础,null,4931,河北科技大学,HEBUST
www.icourse163.org,387002,无机化学（上）,null,16443,天津大学,TJU
www.icourse163.org,1001759008,生命科学基础,null,8702,北京理工大学,BIT
www.icourse163.org,1001909005,大学生科技创新课程之“互联网+”创新创业大赛,null,19493,西南交通大学,SWJTU
www.icourse163.org,1002532004,计算机系统基础(三)：异常、中断和输入/输出,null,4905,南京大学,NJU
www.icourse163.org,1001691001,分析化学（一）：化学分析,null,18656,湖南大学,HNU
www.icourse163.org,1002146005,刑事出庭技能实训,null,4885,西南财经大学,SWUFE
www.icourse163.org,1002355002,C君带你玩编程,null,4864,昆明理工大学,KMUST
www.icourse163.org,1002199009,高频电子电路分析基础,null,14099,西安电子科技大学,XIDIAN
www.icourse163.org,1002246013,画法几何及土木工程制图（上）,null,17509,大连理工大学,DLUT
www.icourse163.org,1002530010,美学与人生,null,4820,西南大学,SWU
www.icourse163.org,1002422002,微课程教学法,null,4815,爱课程,icourse
www.icourse163.org,1002536016,组织与人力资源管理,null,4802,中南财经政法大学,ZNUEDU
www.icourse163.org,1002012010,创业基础,null,28069,中南财经政法大学,ZNUEDU
www.icourse163.org,1002170002,工程力学——材料力学,null,4794,大连理工大学,DLUT
www.icourse163.org,235004,数学实验,null,26476,电子科技大学,UESTC
www.icourse163.org,234015,数字集成电路与系统设计（ASIC设计）,null,24379,电子科技大学,UESTC
www.icourse163.org,1001700017,分析化学（二）：仪器分析,null,15428,湖南大学,HNU
www.icourse163.org,70004,数据结构,null,33645,中国海洋大学,OUC
www.icourse163.org,1002587003,探索心理学,null,4773,西南交通大学,SWJTU
www.icourse163.org,235011,心理健康与创新能力,null,24274,电子科技大学,UESTC
www.icourse163.org,32004,传统文化与中医养生,null,121025,东南大学,SEU
www.icourse163.org,1002269008,无机化学（下）,null,4753,天津大学,TJU
www.icourse163.org,1002526013,艺术的星空,null,4748,南昌大学,NCU
www.icourse163.org,50001,有机化学（2）,null,33599,西安交通大学,XJTU
www.icourse163.org,169003,高速铁路概论,null,9133,西南交通大学,SWJTU
www.icourse163.org,1001515002,工程力学,null,39549,华中科技大学,HUST
www.icourse163.org,370002,VisualBasic.NET程序设计入门,null,35769,同济大学,TONGJI
www.icourse163.org,1001755397,病理与健康,null,8363,东南大学,SEU
www.icourse163.org,1002353001,西方现代化视野下的英美文学,null,11091,西南交通大学,SWJTU
www.icourse163.org,1002083015,电工学,null,12328,东北大学,NEU
www.icourse163.org,493006,电影鉴赏,null,101929,中国海洋大学,OUC
www.icourse163.org,216002,线性代数启蒙,null,57116,北京航空航天大学,BUAA
www.icourse163.org,94001,机械设计,null,59269,西南交通大学,SWJTU
www.icourse163.org,1001967013,翻转课堂教学法1.5,null,33406,北京大学,PKU
www.icourse163.org,1002607070,嵌入式软件设计,null,4631,大连理工大学,DLUT
www.icourse163.org,212005,行政法学,null,57229,武汉大学,WHU
www.icourse163.org,46012,太极拳医学,null,106209,四川大学,SCU
www.icourse163.org,1001608001,经济地理学,null,13272,华东师范大学,ECNU
www.icourse163.org,1002531007,生命活动的奥秘——人体生理学精要,null,4613,武汉大学,WHU
www.icourse163.org,1002106008,大学英语综合课程（三）,null,13323,国防科技大学,NUDT
www.icourse163.org,1002573004,文化创意产业,null,4597,福建师范大学,FJNU
www.icourse163.org,50002,大学物理-振动、波动和波动光学,null,7854,国防科技大学,NUDT
www.icourse163.org,1002015029,创业团队建设与管理,null,29819,首都经济贸易大学,CUEB
www.icourse163.org,289001,微积分（三）,null,45896,哈尔滨工业大学,HIT
www.icourse163.org,1002330019,创业投资,null,12852,厦门大学,XMU
www.icourse163.org,1001753308,中国现当代通俗小说与网络小说,null,6808,苏州大学,SUDA
www.icourse163.org,1002208027,自我塑造：优雅做人,null,21086,哈尔滨工业大学,HIT
www.icourse163.org,1002604047,电路分析,null,4567,首都师范大学,CNU
www.icourse163.org,1002270005,微生物学,null,4564,华中农业大学,HZAU
www.icourse163.org,1002336007,音乐与健康,null,14982,宁波大学,NBU
www.icourse163.org,1001609001,民族声乐进阶密码——石春轩子教学示范课堂,null,30137,华东师范大学,ECNU
www.icourse163.org,1002020001,大学英语—交互英语（二）,null,15673,中南大学,CSU
www.icourse163.org,1002105007,大学英语综合课程（四）,null,12914,国防科技大学,NUDT
www.icourse163.org,238004,机械原理,null,58163,北京航空航天大学,BUAA
www.icourse163.org,1002082013,西方现代艺术赏析,null,14728,吉林大学,JLU
www.icourse163.org,1001593010,无机及分析化学（上）,null,35905,华中农业大学,HZAU
www.icourse163.org,1002124004,创业3+3,null,9306,哈尔滨工业大学,HIT
www.icourse163.org,1001743001,行政管理学,null,14059,西北大学,NWU
www.icourse163.org,1001942004,电子线路设计、测试与实验（一）,null,16250,华中科技大学,HUST
www.icourse163.org,1002420003,如何做创客教育,null,4498,爱课程,icourse
www.icourse163.org,1001694004,细胞神经科学,null,4474,台湾新竹“清华大学”,NTHU
www.icourse163.org,1002012002,网络视频监控技术,null,9525,长安大学,CHD
www.icourse163.org,20014,中国哲学史（先秦部分）,null,91315,武汉大学,WHU
www.icourse163.org,1002015001,内科护理学,null,10521,华中科技大学,HUST
www.icourse163.org,1002085010,新闻伦理与法规,null,11867,华中师范大学,CCNU
www.icourse163.org,1001754046,民事诉讼法,null,5778,南京师范大学,NJNU
www.icourse163.org,1001807020,生活中的刑法,null,4426,中南财经政法大学,ZNUEDU
www.icourse163.org,1001766004,生物大数据,null,11327,福建农林大学,FAFU
www.icourse163.org,1002081015,工程制图,null,19041,南昌大学,NCU
www.icourse163.org,1002335009,遥感数字图像处理,null,4404,北京师范大学,BNU
www.icourse163.org,46013,侵权责任法,null,64562,四川大学,SCU
www.icourse163.org,1001553013,课堂问答的智慧与艺术,null,29826,爱课程,icourse
www.icourse163.org,97001,大学物理-电磁学和光学,null,46998,山东大学,SDU
www.icourse163.org,1002529015,小学语文教学设计,null,4386,湖南第一师范学院,HDDYSF
www.icourse163.org,1002603014,护理科研,null,4382,华中科技大学,HUST
www.icourse163.org,1001970009,土木工程概论,null,12751,上海大学,SHU
www.icourse163.org,1002533021,生活中的经济学思维,null,4358,西南财经大学,SWUFE
www.icourse163.org,1002582006,网络安全与应用,null,4339,福建师范大学,FJNU
www.icourse163.org,1002532013,国际贸易学,null,4339,中南财经政法大学,ZNUEDU
www.icourse163.org,1002582007,立体构成——空间形态构成,null,4335,华侨大学,HQU
www.icourse163.org,44005,大学物理2：振动与波动、热学,null,46002,同济大学,TONGJI
www.icourse163.org,1002493010,交替传译,null,31840,广东外语外贸大学,GDUFS
www.icourse163.org,1002537001,数学眼光看道家,null,4328,北京航空航天大学,BUAA
www.icourse163.org,1001943003,电子线路设计、测试与实验（二）,null,14315,华中科技大学,HUST
www.icourse163.org,1001807001,现代遗传学,null,17081,厦门大学,XMU
www.icourse163.org,1002081019,足球裁判法,null,8525,东北大学,NEU
www.icourse163.org,483007,标准与我们的生活,null,12036,湖南大学,HNU
www.icourse163.org,1002480001,民俗文化鉴赏,null,18127,华中农业大学,HZAU
www.icourse163.org,1002565001,属性数据分析,null,4295,厦门大学,XMU
www.icourse163.org,1002580001,哲学与人生,null,4289,山东大学,SDU
www.icourse163.org,461003,抗菌药与超级细菌——天使与魔鬼的博弈,null,19109,复旦大学,FUDAN
www.icourse163.org,1002599030,MIB国际商务,null,4277,浙江工商大学,HZIC
www.icourse163.org,1002556003,信息安全,null,4266,厦门大学,XMU
www.icourse163.org,1001807014,数字信号处理,null,17688,北京航空航天大学,BUAA
www.icourse163.org,1002480003,材料力学,null,9846,中南大学,CSU
www.icourse163.org,1001753352,中医儿科学,null,6916,南京中医药大学,NJUTCM
www.icourse163.org,1002253007,微软人工智能 - 服务和 API,null,12071,微软,MSRA
www.icourse163.org,1002415002,动态几何画板Geogebra教学应用,null,4229,爱课程,icourse
www.icourse163.org,171001,高速铁路动车组技术,null,9506,西南交通大学,SWJTU
www.icourse163.org,1002530012,音乐鉴赏,null,4226,西安交通大学,XJTU
www.icourse163.org,1002543002,通信原理,null,4213,北京邮电大学,BUPT
www.icourse163.org,47023,国防教育——军事理论,null,51409,西安交通大学,XJTU
www.icourse163.org,1002600046,概率论与数理统计,null,4208,湖南大学,HNU
www.icourse163.org,1002043009,无机化学-原理Ⅰ,null,4203,厦门大学,XMU
www.icourse163.org,1002534017,管理咨询,null,4195,暨南大学,JNU
www.icourse163.org,1001864001,中国古典家具,null,19963,福建农林大学,FAFU
www.icourse163.org,169001,大学英文写作（二）,null,124039,国防科技大学,NUDT
www.icourse163.org,1002203001,数字电路与系统设计,null,9796,西安电子科技大学,XIDIAN
www.icourse163.org,1002694018,人工智能导论,null,4183,浙江工业大学,ZJUT
www.icourse163.org,1001755318,江南古代都会建筑与生态美学,null,5726,苏州大学,SUDA
www.icourse163.org,1002144004,工程经济学,null,9449,四川大学,SCU
www.icourse163.org,1001944005,材料科学基础,null,14677,大连理工大学,DLUT
www.icourse163.org,1001962004,中西文明比照,null,9020,电子科技大学,UESTC
www.icourse163.org,1001755352,中医护理学,null,5188,南京中医药大学,NJUTCM
www.icourse163.org,1001806008,大学物理（电磁学、光学、相对论）,null,19580,东北大学,NEU
www.icourse163.org,1001772005,行政管理学,null,31326,中南财经政法大学,ZNUEDU
www.icourse163.org,1002598056,管理学,null,4137,北京化工大学,BUCT
www.icourse163.org,1002104010,线性代数与解析几何,null,15743,西安交通大学,XJTU
www.icourse163.org,1001764006,偏微分方程,null,18676,厦门大学,XMU
www.icourse163.org,1001884001,分析化学,null,13521,大连理工大学,DLUT
www.icourse163.org,1002578005,数据结构与算法,null,4126,西安邮电大学,XIYOU
www.icourse163.org,214001,物理化学（上）,null,46719,武汉大学,WHU
www.icourse163.org,1001938002,大学计算机,null,41894,大连理工大学,DLUT
www.icourse163.org,236003,线性代数与空间解析几何（一）,null,52534,电子科技大学,UESTC
www.icourse163.org,46003,大学物理—振动、波动与光学,null,46522,北京理工大学,BIT
www.icourse163.org,1001690002,从自然世界到智能时代,null,21435,湖南大学,HNU
www.icourse163.org,1002081007,无处不在——传染病,null,8752,南昌大学,NCU
www.icourse163.org,1001738002,医用物理学,null,8310,郑州大学,ZZU
www.icourse163.org,1002145005,混凝土结构设计原理,null,15970,湖南大学,HNU
www.icourse163.org,1002578001,化工原理,null,4053,天津大学,TJU
www.icourse163.org,1002606048,高级计量经济学,null,4052,厦门大学,XMU
www.icourse163.org,410002,理论力学,null,48436,西南交通大学,SWJTU
www.icourse163.org,1002329009,制胜：一部孙子傲商海,null,16753,江西财经大学,JXUFE
www.icourse163.org,238011,通信原理,null,34354,电子科技大学,UESTC
www.icourse163.org,212002,有机化学（下）,null,27527,大连理工大学,DLUT
www.icourse163.org,15001,材料科学基础（上）,null,40028,西北工业大学,NWPU
www.icourse163.org,1001734002,物理化学（一）,null,25130,大连理工大学,DLUT
www.icourse163.org,45002,体育与健康,null,64886,华东师范大学,ECNU
www.icourse163.org,1001765003,计算机控制系统,null,22503,东北大学,NEU
www.icourse163.org,1002575005,儿科护理学,null,4005,厦门大学,XMU
www.icourse163.org,1002337008,航海英语听力与会话,null,4000,大连海事大学,DLMU
www.icourse163.org,68002,力学(下),null,12060,吉林大学,JLU
www.icourse163.org,1002155003,数学竞赛选讲,null,9739,哈尔滨工业大学,HIT
www.icourse163.org,1001755160,水利工程概论,null,9166,河海大学,HHU
www.icourse163.org,1002027012,电子技术应用实验1（数字电路基础实验）,null,10719,电子科技大学,UESTC
www.icourse163.org,1001596004,社会学概论,null,48970,西安交通大学,XJTU
www.icourse163.org,1001909011,灾难逃生与自救,null,16300,同济大学,TONGJI
www.icourse163.org,1002085006,现代汉语言语交际,null,8959,南昌大学,NCU
www.icourse163.org,1002124002,口腔解剖生理学,null,7478,西安交通大学,XJTU
www.icourse163.org,1001701006,分析化学（三）：波谱分析,null,15267,湖南大学,HNU
www.icourse163.org,1002675006,复变函数,null,3935,国防科技大学,NUDT
www.icourse163.org,1002194003,数学竞赛选讲,null,8344,北京理工大学,BIT
www.icourse163.org,1002423001,教学研究的数据处理与工具应用,null,3916,爱课程,icourse
www.icourse163.org,1002147001,通信原理,null,11723,南京邮电大学,NJUPT
www.icourse163.org,1002084011,电磁场与电磁波,null,11767,武汉大学,WHU
www.icourse163.org,1002082006,私法英语表达,null,8481,吉林大学,JLU
www.icourse163.org,1002043005,如何识别和评估创业机会,null,21907,厦门大学,XMU
www.icourse163.org,1001907002,无机化学（下）,null,13935,大连理工大学,DLUT
www.icourse163.org,1002535025,儿童发展,null,3862,沈阳师范大学,SYNU
www.icourse163.org,306001,工程材料与机械制造基础,null,42287,山东大学,SDU
www.icourse163.org,1002201004,工程制图与计算机绘图,null,3835,西安电子科技大学,XIDIAN
www.icourse163.org,1002255001,画法几何及土木工程制图（下）,null,11586,大连理工大学,DLUT
www.icourse163.org,1002608028,经济学原理,null,3782,北京语言大学,BLCU
www.icourse163.org,482005,科举与中国文化,null,26234,湖南大学,HNU
www.icourse163.org,1001639007,机械原理,null,23962,吉林大学,JLU
www.icourse163.org,1002245013,有效教学,null,3769,云南师范大学,YNNU
www.icourse163.org,1001960010,分析化学,null,11199,中国地质大学（武汉）,CUG
www.icourse163.org,1002081025,大学信息技术基础,null,5670,福建农林大学,FAFU
www.icourse163.org,1001626005,微积分CAP,null,32794,国防科技大学,NUDT
www.icourse163.org,1002144006,全球商务,null,7343,四川大学,SCU
www.icourse163.org,1001854001,现代工程制图（下）,null,12173,大连理工大学,DLUT
www.icourse163.org,1002010031,创业企业法律问题面面观,null,15221,集美大学,JMU
www.icourse163.org,1001982014,设计创意学,null,3726,湖南大学,HNU
www.icourse163.org,1001938005,机械制造技术基础,null,20089,太原理工大学,TYUT
www.icourse163.org,1002478006,动物学,null,3713,华中农业大学,HZAU
www.icourse163.org,1001755036,学前儿童健康教育,null,8628,南京师范大学,NJNU
www.icourse163.org,1002550001,传感器原理及应用,null,3702,北京交通大学,NJTU
www.icourse163.org,1002057027,无机化学CAP,null,8808,哈尔滨工业大学,HIT
www.icourse163.org,1002529011,毛泽东思想和中国特色社会主义理论体系概论,null,3699,西安交通大学,XJTU
www.icourse163.org,1001665003,3D工程图学,null,20827,华中科技大学,HUST
www.icourse163.org,1001812007,机械工程控制基础,null,13641,东北大学,NEU
www.icourse163.org,1001640002,机械原理,null,15424,东北大学,NEU
www.icourse163.org,1002534004,数学实验,null,3679,重庆大学,CQU
www.icourse163.org,1002091005,计算机科学导论,null,10962,桂林电子科技大学,GLIET
www.icourse163.org,1001515005,大学生职业能力拓展,null,12443,哈尔滨工业大学,HIT
www.icourse163.org,153005,自我塑造：成功五要素,null,79105,哈尔滨工业大学,HIT
www.icourse163.org,1002204002,大学生职业生涯发展与规划,null,3662,电子科技大学,UESTC
www.icourse163.org,1001980014,设计心理学,null,3660,湖南大学,HNU
www.icourse163.org,1001770004,分析化学,null,17420,东北大学,NEU
www.icourse163.org,1001950001,数字信号处理,null,19365,北京交通大学,NJTU
www.icourse163.org,154006,无机化学——物质结构基础,null,10696,哈尔滨工业大学,HIT
www.icourse163.org,1001513011,机械原理学习指导与习题解析,null,20365,北京航空航天大学,BUAA
www.icourse163.org,1001863004,传感与检测技术,null,12064,武汉理工大学,WHUT
www.icourse163.org,1001821007,知识产权法学,null,17162,武汉理工大学,WHUT
www.icourse163.org,1001978001,智慧课堂教学,null,13286,爱课程,icourse
www.icourse163.org,1001752346,思想道德修养与法律基础,null,8582,南京大学,NJU
www.icourse163.org,1002223005,《史通》导读,null,10754,山东大学,SDU
www.icourse163.org,196001,大学计算机——计算思维之路,null,58593,北京交通大学,NJTU
www.icourse163.org,1001978008,交互数字媒体技术与设计,null,3605,湖南大学,HNU
www.icourse163.org,1002609067,英语短篇小说,null,3596,上海外国语大学,SISU
www.icourse163.org,1002111005,植物生理学,null,5645,湖南农业大学,HUNAU
www.icourse163.org,1002339006,“互联网+”教学设计与实践,null,3581,陕西师范大学,SNNU
www.icourse163.org,371001,VisualBasic.NET程序设计进阶,null,23063,同济大学,TONGJI
www.icourse163.org,1002478005,室内花草栽培技术与装饰布景,null,3575,兰州大学,LZU
www.icourse163.org,1002105005,设计史话,null,13575,山东大学,SDU
www.icourse163.org,1002527012,学前教育学,null,3563,西南大学,SWU
www.icourse163.org,1001986001,现代市场营销素质与能力提升,null,24052,哈尔滨工程大学,HRBEU
www.icourse163.org,1001614017,学在南哲：哲学与哲人,null,35377,南京大学,NJU
www.icourse163.org,1002578002,物理化学（上）,null,3549,北京化工大学,BUCT
www.icourse163.org,1001932013,自动控制原理（二）,null,17087,华中科技大学,HUST
www.icourse163.org,1001738001,科举与唐诗,null,17979,郑州大学,ZZU
www.icourse163.org,98001,大学物理-相对论和量子物理,null,40883,山东大学,SDU
www.icourse163.org,1001737003,犯罪现象：原因与对策,null,25254,郑州大学,ZZU
www.icourse163.org,1001513013,宇宙探索与发现,null,21046,大连大学,DLU
www.icourse163.org,1001768001,遗传与分子生物学实验,null,18486,厦门大学,XMU
www.icourse163.org,1002607013,中国古典舞与乐舞文化,null,3498,集美大学,JMU
www.icourse163.org,1001755159,钢结构,null,5730,河海大学,HHU
www.icourse163.org,1002227006,语文课程标准与教材研究,null,6500,北京师范大学,BNU
www.icourse163.org,1002476002,光影·光阴——早期中国电影漫谈系列,null,3473,南昌大学,NCU
www.icourse163.org,1002712010,会计学原理,null,3462,四川大学,SCU
www.icourse163.org,1001546002,动物生理学,null,23580,华中农业大学,HZAU
www.icourse163.org,483008,经济生活与数学,null,20424,湖南大学,HNU
www.icourse163.org,1002582005,离散数学,null,3426,福建师范大学,FJNU
www.icourse163.org,1002597082,法学方法论,null,3418,中国政法大学,cupl
www.icourse163.org,438002,概率论与数理统计,null,39125,国防科技大学,NUDT
www.icourse163.org,1001964004,园艺概论,null,29226,华中农业大学,HZAU
www.icourse163.org,318002,慕课问道,null,34403,北京大学,PKU
www.icourse163.org,1002548001,传感技术及应用,null,3385,哈尔滨工业大学,HIT
www.icourse163.org,1001698001,创业基础,null,24537,全国高等学校学生信息咨询与就业指导中心,chesicc
www.icourse163.org,1002081001,茶韵茶魂—安溪铁观音,null,4213,福建农林大学,FAFU
www.icourse163.org,1002014002,物联网工程导论,null,3365,哈尔滨工程大学,HRBEU
www.icourse163.org,451012,电子线路仿真设计与实验实例,null,8373,南昌工学院,NCGXY
www.icourse163.org,1001739001,文化差异与跨文化交际,null,18328,郑州大学,ZZU
www.icourse163.org,1002527015,管理的艺术,null,3362,华中师范大学,CCNU
www.icourse163.org,1002535008,大众传播学,null,3359,山东大学,SDU
www.icourse163.org,1001663006,计算思维的结构,null,20347,桂林电子科技大学,GLIET
www.icourse163.org,1001512001,工程图学（二）,null,7964,吉林大学,JLU
www.icourse163.org,1002327010,半导体物理,null,7666,电子科技大学,UESTC
www.icourse163.org,1001939001,化工原理（上）,null,13177,北京化工大学,BUCT
www.icourse163.org,1001769002,微生物学与免疫学实验,null,19685,厦门大学,XMU
www.icourse163.org,1002533004,健康评估,null,3317,中山大学,SYSU
www.icourse163.org,1002572004,电路分析,null,3309,厦门大学,XMU
www.icourse163.org,1002271005,食品化学,null,12826,福州大学,FZU
www.icourse163.org,1001862003,材料力学,null,14427,东北大学,NEU
www.icourse163.org,364001,微积分（四）,null,32670,哈尔滨工业大学,HIT
www.icourse163.org,193001,大学物理-力学和热学,null,3285,国防科技大学,NUDT
www.icourse163.org,1002327016,液压传动,null,3279,长安大学,CHD
www.icourse163.org,1002256021,工程图学（一）,null,13915,吉林大学,JLU
www.icourse163.org,1002485010,大学计算机CAP,null,3264,北京理工大学,BIT
www.icourse163.org,1001939004,传统社会的婚姻家庭,null,18483,湖北大学,HUBU
www.icourse163.org,1002200002,数字信号处理,null,8592,西安电子科技大学,XIDIAN
www.icourse163.org,1002401002,食品标准与法规,null,3260,西北农林科技大学,NWSUAF
www.icourse163.org,1001623003,中国行政法原理及应用,null,19562,南京大学,NJU
www.icourse163.org,44003,人体科学,null,76868,华东师范大学,ECNU
www.icourse163.org,1002480004,免疫学,null,3247,华中农业大学,HZAU
www.icourse163.org,89007,航空航天概论,null,32771,北京航空航天大学,BUAA
www.icourse163.org,1001813005,机械制造基础,null,13141,西北工业大学,NWPU
www.icourse163.org,1001995017,自动控制元件,null,12689,哈尔滨工程大学,HRBEU
www.icourse163.org,1001752041,植物学,null,6180,南京农业大学,NJAU
www.icourse163.org,1001965008,信息化教学能力之五项修炼,null,11797,爱课程,icourse
www.icourse163.org,1002117005,线性代数与空间解析几何,null,21398,哈尔滨工业大学,HIT
www.icourse163.org,1001912001,大学生科技创新课程之“挑战杯”课外学术科技作品竞赛,null,10587,西南交通大学,SWJTU
www.icourse163.org,1002146001,工程力学——静力学,null,8457,大连理工大学,DLUT
www.icourse163.org,1001805004,普通生物学实验,null,3187,厦门大学,XMU
www.icourse163.org,1001617007,物理-力学CAP,null,26451,中国教育学会,cse
www.icourse163.org,1002421002,面向核心素养的信息化教学设计,null,3168,爱课程,icourse
www.icourse163.org,1002143002,理论力学,null,6687,国防科技大学,NUDT
www.icourse163.org,1002075003,教育行业创业,null,6487,湖北经济学院,HBEU
www.icourse163.org,1001605006,大学物理典型问题解析—力学与热学,null,9922,北京理工大学,BIT
www.icourse163.org,1002533013,教育研究方法,null,3158,西南大学,SWU
www.icourse163.org,1002534006,钢结构设计原理,null,3151,湖南大学,HNU
www.icourse163.org,1002545002,汽车发动机构造,null,3146,天津大学,TJU
www.icourse163.org,1002030009,形势与政策,null,15866,华东理工大学,ECUST
www.icourse163.org,1001962013,马克思主义民族理论与政策,null,8848,广西民族大学,GXMZ
www.icourse163.org,1001993005,信息系统与数据库技术,null,14294,东华大学,DHU
www.icourse163.org,1002535005,中学数学课程标准与教材研究,null,3126,北京师范大学,BNU
www.icourse163.org,1001756013,数字电路与系统,null,16698,东南大学,SEU
www.icourse163.org,1001615018,半导体元件物理,null,3035,台湾新竹“交通大学”,NCTU
www.icourse163.org,1002528014,细胞生物学：细胞社会的奥秘,null,3031,暨南大学,JNU
www.icourse163.org,1002527006,理论力学,null,3029,北京师范大学,BNU
www.icourse163.org,1002141007,结构力学（上）,null,3027,湖南大学,HNU
www.icourse163.org,169002,高速铁路牵引供电系统,null,10788,西南交通大学,SWJTU
www.icourse163.org,1001959006,营运资金管理,null,17003,中国海洋大学,OUC
www.icourse163.org,1002599017,西方政治思想史,null,3010,天津师范大学,TJSFDX
www.icourse163.org,1002328022,保险理论与实务,null,7362,江西财经大学,JXUFE
www.icourse163.org,1001864002,大学生涯规划与职业发展,null,6212,武汉理工大学,WHUT
www.icourse163.org,1002007006,《论语》人生课堂,null,15810,黑龙江大学,HLJU
www.icourse163.org,45001,普通化学,null,26538,大连理工大学,DLUT
www.icourse163.org,350004,大学语文,null,2968,南开大学,NANKAI
www.icourse163.org,1002485001,趣味生物学实验,null,2952,山东大学,SDU
www.icourse163.org,1002526006,世界文明专题（古代部分）,null,12714,北京师范大学,BNU
www.icourse163.org,1002532010,国际贸易实务,null,2949,西南财经大学,SWUFE
www.icourse163.org,1002025001,智圆行方的世界——中国传统文化概论,null,24337,暨南大学,JNU
www.icourse163.org,1002145001,金属工艺学,null,7289,武汉理工大学,WHUT
www.icourse163.org,1002527014,珍奇观赏植物,null,2935,西南大学,SWU
www.icourse163.org,1001822012,环境学基础,null,8971,南开大学,NANKAI
www.icourse163.org,1001734003,物理化学（二）,null,15685,大连理工大学,DLUT
www.icourse163.org,1002028013,互换性与测量技术基础,null,13276,哈尔滨工业大学,HIT
www.icourse163.org,1002080012,体育舞蹈与文化,null,6951,大连理工大学,DLUT
www.icourse163.org,1002143003,法律人看婚姻家事,null,7163,暨南大学,JNU
www.icourse163.org,1002603039,工程图学,null,3113,天津大学,TJU
www.icourse163.org,1002083011,无机化学-原理Ⅱ,null,3110,厦门大学,XMU
www.icourse163.org,153004,无机化学——化学反应原理,null,42833,哈尔滨工业大学,HIT
www.icourse163.org,1001605004,大学物理典型问题解析—电磁学,null,17889,北京理工大学,BIT
www.icourse163.org,1001590003,海洋与人类文明的生产,null,20645,福州大学,FZU
www.icourse163.org,470001,探索“视”界——视光学与视觉科学导论,null,25705,金陵科技学院,JIT
www.icourse163.org,1002580003,地球概论,null,3074,福建师范大学,FJNU
www.icourse163.org,1001956010,流行病学基础（二）,null,12840,北京大学,PKU
www.icourse163.org,1002044009,农业植物病理学,null,3877,福建农林大学,FAFU
www.icourse163.org,1001816001,结构化学,null,9693,东北大学,NEU
www.icourse163.org,1002081013,结构力学——静定结构力学,null,5971,大连理工大学,DLUT
www.icourse163.org,1002144003,走近马克思,null,3059,暨南大学,JNU
www.icourse163.org,1002600028,茶叶加工学,null,3051,华中农业大学,HZAU
www.icourse163.org,21003,神韵诗研究,null,58949,山东大学,SDU
www.icourse163.org,1001862004,数字电路01密码的奥秘,null,8809,武汉理工大学,WHUT
www.icourse163.org,1001934009,中学化学教学设计与实践,null,8674,北京师范大学,BNU
www.icourse163.org,1001941003,生活中的纠纷与解决,null,21123,华北电力大学,NUEPU
www.icourse163.org,1002574004,唐宋诗词与传统文化,null,9090,湖南师范大学,HUNNU
www.icourse163.org,1001900002,大学生科技创新课程之机械创新设计大赛,null,11251,西南交通大学,SWJTU
www.icourse163.org,1001743004,大学生职业发展与就业指导,null,15420,福州大学,FZU
www.icourse163.org,1001963024,职业：道与术,null,2922,湖北长江互联网教育研究院,irong
www.icourse163.org,1001983021,三维形式基础,null,9429,湖南大学,HNU
www.icourse163.org,1001915004,大学物理—相对论、电磁学,null,13493,大连理工大学,DLUT
www.icourse163.org,312001,数学文化十讲,null,31463,南开大学,NANKAI
www.icourse163.org,1002248013,线性代数学习指导与应用案例,null,2905,西安电子科技大学,XIDIAN
www.icourse163.org,1001635002,自动化专业概论,null,21483,华北电力大学（保定）,NCEPUB
www.icourse163.org,20008,航空发动机燃烧学,null,17011,西北工业大学,NWPU
www.icourse163.org,1002699014,唐诗与长安文化,null,2866,陕西师范大学,SNNU
www.icourse163.org,1001785001,职业与创业胜任力,null,12589,南京大学,NJU
www.icourse163.org,1001553014,信息化领导力,null,27025,爱课程,icourse
www.icourse163.org,1002060023,数字化教师信息技术素养,null,2861,华中师范大学,CCNU
www.icourse163.org,1001632002,金属材料及热处理,null,18329,中国地质大学（武汉）,CUG
www.icourse163.org,1002472002,理论力学（上）,null,2856,华中农业大学,HZAU
www.icourse163.org,1002125002,计算机硬件技术基础,null,8766,东北大学,NEU
www.icourse163.org,1001555014,走向深度的合作学习,null,20006,爱课程,icourse
www.icourse163.org,1002527020,小学课程设计与评价,null,2831,华南师范大学,scnu
www.icourse163.org,1002081011,创业管理,null,2827,电子科技大学,UESTC
www.icourse163.org,1001758015,国家预算管理,null,16737,中南财经政法大学,ZNUEDU
www.icourse163.org,1001815009,企业文化与商业伦理,null,10342,东北大学,NEU
www.icourse163.org,1002080025,环境监测,null,5757,东华大学,DHU
www.icourse163.org,1002339005,微电子器件,null,2802,电子科技大学,UESTC
www.icourse163.org,1002245009,走进天文学,null,17268,南京大学,NJU
www.icourse163.org,1001998010,力学A,null,2798,大连理工大学,DLUT
www.icourse163.org,1001540004,结构力学（二）,null,19596,西南交通大学,SWJTU
www.icourse163.org,1001902005,结晶学及矿物学,null,9068,中国地质大学（武汉）,CUG
www.icourse163.org,462003,病原生物与人类,null,22611,复旦大学,FUDAN
www.icourse163.org,1002141006,国际私法,null,6560,暨南大学,JNU
www.icourse163.org,235018,宝石加工工艺学,null,35745,金陵科技学院,JIT
www.icourse163.org,1002203003,大学物理Ⅱ——热学,null,5681,哈尔滨工业大学,HIT
www.icourse163.org,47003,工程图基础及数字化构型,null,41659,北京理工大学,BIT
www.icourse163.org,95001,工程力学,null,34463,西南交通大学,SWJTU
www.icourse163.org,1002332016,工程制图,null,2739,西北大学,NWU
www.icourse163.org,1002143005,机械原理,null,2734,长安大学,CHD
www.icourse163.org,1001670003,认识星空,null,24060,华中农业大学,HZAU
www.icourse163.org,1001981016,服务设计与商业模式,null,8455,湖南大学,HNU
www.icourse163.org,111001,材料科学基础（下）,null,23982,西北工业大学,NWPU
www.icourse163.org,1002328006,中学生物学教学设计,null,7491,华中师范大学,CCNU
www.icourse163.org,1001982012,航海力学,null,8714,大连海事大学,DLMU
www.icourse163.org,1001949002,单片机原理与汽车微机应用技术,null,13979,长安大学,CHD
www.icourse163.org,387003,中药安全用药导论,null,37558,北京中医药大学,BUCM
www.icourse163.org,1002521004,对称性与晶体结构基础,null,2671,北京大学,PKU
www.icourse163.org,1002085007,高等数学先修课,null,27497,西南财经大学,SWUFE
www.icourse163.org,1002492007,机械基础实景教学（机械设计）,null,2668,哈尔滨工业大学,HIT
www.icourse163.org,1002015021,辐射与防护,null,5159,山东大学,SDU
www.icourse163.org,1002604040,园林树木学,null,2658,华中农业大学,HZAU
www.icourse163.org,1001734004,模拟电子线路A,null,17626,南京邮电大学,NJUPT
www.icourse163.org,1002028002,电子工程实践基础,null,10856,电子科技大学,UESTC
www.icourse163.org,1002540001,电力电子技术,null,2631,哈尔滨工业大学,HIT
www.icourse163.org,1002044014,诺贝尔生理学或医学奖史话,null,12764,华中师范大学,CCNU
www.icourse163.org,46001,大学物理—近代物理,null,42360,北京理工大学,BIT
www.icourse163.org,496002,浅论电子学,null,13669,台湾新竹“交通大学”,NCTU
www.icourse163.org,1002335005,乐学软件工程,null,6733,江西财经大学,JXUFE
www.icourse163.org,1001963010,弟子规与人生修炼,null,11151,哈尔滨工程大学,HRBEU
www.icourse163.org,1001962002,全球化与中国文化,null,13019,西南交通大学,SWJTU
www.icourse163.org,1001959010,互换性与测量技术,null,11886,武汉理工大学,WHUT
www.icourse163.org,1002602005,有机化学,null,2605,西北农林科技大学,NWSUAF
www.icourse163.org,170002,高速铁路信号系统,null,9838,西南交通大学,SWJTU
www.icourse163.org,1002535010,概率论与数理统计,null,2600,天津大学,TJU
www.icourse163.org,1001780001,养气方程式,null,2591,台北医学大学,TMU
www.icourse163.org,1002750003,财务报表分析,null,2579,华中科技大学,HUST
www.icourse163.org,1002054010,财政学,null,16970,浙江财经大学,ZUFE
www.icourse163.org,1001554015,交互式电子白板教学应用,null,44777,爱课程,icourse
www.icourse163.org,20015,预防医学（一）,null,42343,复旦大学,FUDAN
www.icourse163.org,1001606003,应用光学,null,8365,北京理工大学,BIT
www.icourse163.org,1002529018,工业过程控制,null,2553,哈尔滨工程大学,HRBEU
www.icourse163.org,1001900004,寄生虫病与食品安全,null,6139,华中科技大学,HUST
www.icourse163.org,1002199008,通信网络基础,null,7197,西安电子科技大学,XIDIAN
www.icourse163.org,1001587001,测试技术,null,2538,武汉理工大学,WHUT
www.icourse163.org,1001997005,知识产权管理,null,7908,电子科技大学,UESTC
www.icourse163.org,1002478004,葡萄酒与西方文化,null,2533,西南大学,SWU
www.icourse163.org,1002535004,历代青花画法,null,2519,北京师范大学,BNU
www.icourse163.org,1002526022,生活中的市场营销学,null,2515,昆明理工大学,KMUST
www.icourse163.org,1002698005,会计学原理,null,2507,复旦大学,FUDAN
www.icourse163.org,491001,微波固态电路,null,5666,电子科技大学,UESTC
www.icourse163.org,1002084007,西方文论原典导读,null,5470,吉林大学,JLU
www.icourse163.org,1002545003,水文地质学基础,null,2485,中国地质大学（武汉）,CUG
www.icourse163.org,1001515004,天线原理,null,14104,哈尔滨工业大学,HIT
www.icourse163.org,1002597030,大学生创业基础,null,2478,温州大学,WZU
www.icourse163.org,1002199004,信息论与编码理论,null,2475,西安电子科技大学,XIDIAN
www.icourse163.org,1002533018,思想道德修养与法律基础,null,2474,西安交通大学,XJTU
www.icourse163.org,1001591001,大学化学（下）,null,16040,中南大学,CSU
www.icourse163.org,1002695008,电路(下),null,2463,哈尔滨工业大学,HIT
www.icourse163.org,1002142003,信息化教学设计,null,2461,华东师范大学,ECNU
www.icourse163.org,1002331003,数字通信原理,null,2458,湖南大学,HNU
www.icourse163.org,1002331007,机械基础实景教学（机械原理）,null,2451,哈尔滨工业大学,HIT
www.icourse163.org,1002686003,材料科学基础,null,2448,武汉理工大学,WHUT
www.icourse163.org,1001662025,创业：道与术,null,19396,湖北长江互联网教育研究院,irong
www.icourse163.org,1002104011,数学竞赛选讲,null,6919,西安交通大学,XJTU
www.icourse163.org,1002199011,化工原理（上册）,null,7448,大连理工大学,DLUT
www.icourse163.org,1002531018,电磁场与电磁波,null,2435,西北工业大学,NWPU
www.icourse163.org,1002573003,运动生物力学,null,2433,福建师范大学,FJNU
www.icourse163.org,1001989001,媒体辅助英语教学,null,5635,国家开放大学,TOUC
www.icourse163.org,1001754031,生物统计学,null,4487,南京农业大学,NJAU
www.icourse163.org,1002531022,管理信息系统,null,2416,中南财经政法大学,ZNUEDU
www.icourse163.org,1002080016,商务智能,null,4538,西南财经大学,SWUFE
www.icourse163.org,1001515003,物理光学,null,16989,哈尔滨工业大学,HIT
www.icourse163.org,1001738013,天文漫谈,null,46158,华中科技大学,HUST
www.icourse163.org,1002598024,儿童发展,null,2395,天津师范大学,TJSFDX
www.icourse163.org,1001966018,课堂管理的方法与艺术,null,23551,爱课程,icourse
www.icourse163.org,1002329032,大学生心理健康教育,null,4613,福州大学,FZU
www.icourse163.org,1002335006,高级物流学,null,2373,长安大学,CHD
www.icourse163.org,168005,高速铁路运输组织,null,7252,西南交通大学,SWJTU
www.icourse163.org,21015,卫生体系学,null,16476,北京协和医学院,PUMC
www.icourse163.org,1001953009,石油工业概论,null,6598,中国石油大学（华东）,UPC
www.icourse163.org,1002288006,创业基础,null,4059,浙江理工大学,ZSTU
www.icourse163.org,1001556011,走进项目学习,null,16475,爱课程,icourse
www.icourse163.org,1001760015,工业药剂学,null,3134,中国药科大学,CPU
www.icourse163.org,100001,大学计算机--计算思维的视角,null,39356,山东大学,SDU
www.icourse163.org,1002144009,数字信号处理,null,6704,南京邮电大学,NJUPT
www.icourse163.org,32007,奇异的仿生学,null,44180,吉林大学,JLU
www.icourse163.org,1001955002,理论力学,null,14785,西北工业大学,NWPU
www.icourse163.org,1002529003,《左传 》专题研究,null,13562,北京师范大学,BNU
www.icourse163.org,1002608061,人机工程学,null,2306,湖南大学,HNU
www.icourse163.org,1002538004,无机元素化学,null,2301,吉林大学,JLU
www.icourse163.org,129002,聪慧的源泉——数学导读,null,34145,南昌大学,NCU
www.icourse163.org,1002534005,微波技术,null,2285,北京航空航天大学,BUAA
www.icourse163.org,1002046011,AIDS and I ──艾滋病与我,null,5341,武汉大学,WHU
www.icourse163.org,1001993003,金属材料学,null,8261,西北工业大学,NWPU
www.icourse163.org,1002330001,海绵城市建设理念与工程应用,null,3912,福州大学,FZU
www.icourse163.org,1001999003,计算机辅助设计：参数化造型设计及表达,null,7844,北京理工大学,BIT
www.icourse163.org,1002140002,中学教育见习与实习,null,6719,河北师范大学,HEBTU
www.icourse163.org,1001539002,物流系统工程,null,16703,武汉理工大学,WHUT
www.icourse163.org,1002526008,基础免疫学,null,2238,北京理工大学,BIT
www.icourse163.org,1002081010,创业基础与实务,null,3349,大连理工大学,DLUT
www.icourse163.org,1002335007,多元统计分析及R语言建模,null,2227,暨南大学,JNU
www.icourse163.org,33007,汽车行走的艺术,null,36893,吉林大学,JLU
www.icourse163.org,1001911007,大学生科技创新课程之智慧城市技术与创意大赛,null,7987,西南交通大学,SWJTU
www.icourse163.org,1002526007,化学实验安全知识,null,2223,中国科学技术大学,USTC
www.icourse163.org,1002571002,教师信息技术应用能力提升,null,2214,首都师范大学,CNU
www.icourse163.org,1002090006,水工钢筋混凝土结构学,null,3523,河海大学,HHU
www.icourse163.org,1001607001,航空燃气涡轮发动机结构设计,null,14791,北京航空航天大学,BUAA
www.icourse163.org,1002532015,社会原理,null,2193,中南财经政法大学,ZNUEDU
www.icourse163.org,1002128001,交通规划,null,2191,长安大学,CHD
www.icourse163.org,1002201005,化工原理（下册）,null,4957,大连理工大学,DLUT
www.icourse163.org,485001,精密机械设计,null,15449,武汉大学,WHU
www.icourse163.org,1002530007,产业经济学,null,2167,浙江财经大学,ZUFE
www.icourse163.org,1001768002,结构动力学,null,2160,哈尔滨工业大学,HIT
www.icourse163.org,1002575001,大学生劳动就业法律问题解读,null,2159,华东理工大学,ECUST
www.icourse163.org,1002601007,生物药剂学与药物动力学,null,2152,厦门大学,XMU
www.icourse163.org,1002479005,美食鉴赏与食品创新设计,null,2132,华中农业大学,HZAU
www.icourse163.org,1001621003,无机及分析化学（下）,null,23400,华中农业大学,HZAU
www.icourse163.org,1002527013,语文课程标准与教学设计,null,2129,西南大学,SWU
www.icourse163.org,1001604004,大学物理典型问题解析—振动、波动与光学,null,9649,北京理工大学,BIT
www.icourse163.org,1002607014,中学地理教学设计,null,2121,天津师范大学,TJSFDX
www.icourse163.org,1002536006,工程力学,null,2119,国防科技大学,NUDT
www.icourse163.org,1002529019,机械制造基础,null,2117,哈尔滨工程大学,HRBEU
www.icourse163.org,1002608038,基础化学实验（有机化学）,null,2095,湖南大学,HNU
www.icourse163.org,1002533007,电子线路基础,null,2087,东南大学,SEU
www.icourse163.org,1001850004,环境问题观察,null,12821,华东师范大学,ECNU
www.icourse163.org,1001645002,食品化学,null,7586,中国海洋大学,OUC
www.icourse163.org,1001916005,无机与分析化学,null,9936,西安交通大学,XJTU
www.icourse163.org,1001982004,认识飞行,null,8489,上海工程技术大学,sues
www.icourse163.org,1001615011,经济地理与企业兴衰,null,31601,中南财经政法大学,ZNUEDU
www.icourse163.org,1002607017,水族景观规划与设计,null,2062,华中农业大学,HZAU
www.icourse163.org,1001638014,工程信号与系统,null,17966,西安电子科技大学,XIDIAN
www.icourse163.org,1002330011,光学,null,5766,中山大学,SYSU
www.icourse163.org,1002248009,植物与人类,null,7407,南京大学,NJU
www.icourse163.org,1002533008,大学化学,null,2053,天津大学,TJU
www.icourse163.org,1002330010,工程材料,null,2038,长安大学,CHD
www.icourse163.org,1001769006,求职OMG-大学生就业指导与技能开发,null,15712,中国海洋大学,OUC
www.icourse163.org,1002267003,人因工程学,null,3817,东北大学,NEU
www.icourse163.org,46009,医学伦理学,null,26824,四川大学,SCU
www.icourse163.org,1002144001,生物材料伴我行,null,3860,湖南大学,HNU
www.icourse163.org,1002608009,管理会计,null,2006,厦门大学,XMU
www.icourse163.org,1002449002,网球技术与战术,null,2716,华东师范大学,ECNU
www.icourse163.org,1001737030,医学资讯学,null,1999,台北医学大学,TMU
www.icourse163.org,62001,高级语言程序设计,null,44755,吉林大学,JLU
www.icourse163.org,1002199010,随机信号分析,null,4730,西安电子科技大学,XIDIAN
www.icourse163.org,1001862009,跨越自然的“彩虹”—桥梁工程导论,null,3423,金陵科技学院,JIT
www.icourse163.org,1001979001,电子书包教学应用,null,7395,爱课程,icourse
www.icourse163.org,1002011022,漫谈数学与军事,null,8848,国防科技大学,NUDT
www.icourse163.org,1002530011,数字逻辑电路,null,1965,西安交通大学,XJTU
www.icourse163.org,1002531011,数字电路与系统,null,1959,大连理工大学,DLUT
www.icourse163.org,1001980001,教师法律风险防范,null,5903,爱课程,icourse
www.icourse163.org,1002082009,现代科技与人类未来,null,5997,大连大学,DLU
www.icourse163.org,154002,微电子工艺,null,17146,哈尔滨工业大学,HIT
www.icourse163.org,1001737001,基因与健康,null,10830,郑州大学,ZZU
www.icourse163.org,1002526020,社会保障学,null,1937,中南财经政法大学,ZNUEDU
www.icourse163.org,1002246014,创新创业学,null,10275,西安工业大学,XATU
www.icourse163.org,1002575002,仪器分析,null,1924,北京化工大学,BUCT
www.icourse163.org,1001967007,生命科学导论,null,5237,华中农业大学,HZAU
www.icourse163.org,1001754347,数字信号处理,null,5659,东南大学,SEU
www.icourse163.org,1001916004,大学物理—光学,null,9089,大连理工大学,DLUT
www.icourse163.org,46014,光电子学（一）,null,11769,西安交通大学,XJTU
www.icourse163.org,1001912002,大学生科技创新课程之节能减排社会实践与科技竞赛,null,5196,西南交通大学,SWJTU
www.icourse163.org,1002041002,生态学,null,2667,福建农林大学,FAFU
www.icourse163.org,1002525007,数字设计FPGA应用,null,1896,电子科技大学,UESTC
www.icourse163.org,1002249007,动物组织胚胎学,null,5432,华中农业大学,HZAU
www.icourse163.org,1002123006,半导体物理学,null,1892,西北大学,NWU
www.icourse163.org,1002606023,水生生物学,null,1889,华中农业大学,HZAU
www.icourse163.org,1001591014,计量地理学,null,10280,华东师范大学,ECNU
www.icourse163.org,1001983016,海商法,null,8571,大连海事大学,DLMU
www.icourse163.org,1002093003,化工原理（下）,null,4800,北京化工大学,BUCT
www.icourse163.org,1002199007,工程机械构造,null,1872,长安大学,CHD
www.icourse163.org,1001655003,绿色康复,null,15902,吉林大学,JLU
www.icourse163.org,1001637002,外国民商案例选读,null,16015,东北大学,NEU
www.icourse163.org,170003,高速铁路环境影响评价,null,3738,西南交通大学,SWJTU
www.icourse163.org,1001639003,理论力学,null,26470,东北大学,NEU
www.icourse163.org,1002081014,灭火战术,null,4236,中国人民武装警察部队学院,WJXY
www.icourse163.org,149001,预防医学（二）,null,11624,复旦大学,FUDAN
www.icourse163.org,1002245010,做好专业选择题——高中生涯教育,null,3758,中国海洋大学,OUC
www.icourse163.org,1002534003,史学名家的治史历程与方法,null,9994,北京师范大学,BNU
www.icourse163.org,1002484009,现代电子技术综合实验,null,1851,电子科技大学,UESTC
www.icourse163.org,1001981001,以学生为中心的学习环境设计,null,11073,爱课程,icourse
www.icourse163.org,1002331006,数字逻辑设计,null,1848,哈尔滨工业大学,HIT
www.icourse163.org,1002527008,大学生心理健康教育,null,1847,中南大学,CSU
www.icourse163.org,351001,德育原理,null,11796,河南大学,HENU
www.icourse163.org,217001,微积分启蒙,null,40576,北京航空航天大学,BUAA
www.icourse163.org,1001753039,农业植物病理学,null,2443,南京农业大学,NJAU
www.icourse163.org,1001778008,微波技术基础,null,10731,厦门大学,XMU
www.icourse163.org,1002478003,无机化学原理,null,1834,吉林大学,JLU
www.icourse163.org,1001755047,资源与环境经济学,null,2235,南京农业大学,NJAU
www.icourse163.org,1002352002,音乐与人生,null,1822,西南交通大学,SWJTU
www.icourse163.org,1002251006,数据库技术导论,null,4791,上海工程技术大学,sues
www.icourse163.org,1002015024,人·车·社会,null,4046,武汉理工大学,WHUT
www.icourse163.org,1001754035,美在民间,null,2037,南京农业大学,NJAU
www.icourse163.org,1001949001,生活中的物理学,null,8825,暨南大学,JNU
www.icourse163.org,1002058038,先秦诸子精华,null,3003,南京师范大学,NJNU
www.icourse163.org,1002606072,基础化学实验（分析化学）,null,1795,湖南大学,HNU
www.icourse163.org,1001605005,大学物理典型问题解析—近代物理,null,12602,北京理工大学,BIT
www.icourse163.org,1002245011,结构力学——超静定结构力学,null,7205,大连理工大学,DLUT
www.icourse163.org,1002532006,审美·跨界,null,1783,西南大学,SWU
www.icourse163.org,1001754018,土地经济学,null,2527,南京农业大学,NJAU
www.icourse163.org,1002582003,教育哲学,null,1772,湖南师范大学,HUNNU
www.icourse163.org,1001744013,地下结构数值计算方法,null,9565,福州大学,FZU
www.icourse163.org,1001930012,大学生心理健康漫谈,null,13172,东北大学,NEU
www.icourse163.org,1001753043,普通生态学,null,2596,南京农业大学,NJAU
www.icourse163.org,1002531005,地学景观探秘·审美·文化,null,1722,重庆大学,CQU
www.icourse163.org,1001773021,工业生态学,null,3255,东北大学,NEU
www.icourse163.org,1001963006,地质与地貌学,null,5848,华中农业大学,HZAU
www.icourse163.org,1002400003,设施蔬菜栽培学,null,1719,西北农林科技大学,NWSUAF
www.icourse163.org,1002131004,创业管理,null,4854,西南财经大学,SWUFE
www.icourse163.org,1001981020,大学计算机实验,null,14457,山东大学,SDU
www.icourse163.org,1002598074,婚姻家庭法,null,1699,黑龙江大学,HLJU
www.icourse163.org,1002609027,滑冰教程,null,1695,东北大学,NEU
www.icourse163.org,1001619004,数学思想与文化,null,13472,中国海洋大学,OUC
www.icourse163.org,1002014001,军事理论,null,1649,哈尔滨工程大学,HRBEU
www.icourse163.org,1002607039,医学物理学,null,1637,山东大学,SDU
www.icourse163.org,449001,波动光学,null,11791,华东师范大学,ECNU
www.icourse163.org,1001756010,数学实验,null,4582,北京理工大学,BIT
www.icourse163.org,1002608029,激光加工创新训练,null,1628,湖南大学,HNU
www.icourse163.org,216009,物理化学（下）,null,29843,武汉大学,WHU
www.icourse163.org,1002700002,计算机网络,null,1621,华南理工大学,SCUT
www.icourse163.org,1001755322,古典文学的城市书写,null,2644,苏州大学,SUDA
www.icourse163.org,1001850003,测量学,null,8648,电子科技大学,UESTC
www.icourse163.org,1002482002,蘑菇概论,null,1616,华中农业大学,HZAU
www.icourse163.org,1002577004,中学化学实验及实验教学研究,null,1611,福建师范大学,FJNU
www.icourse163.org,1001909004,大学生科技创新课程之交通科技大赛,null,5091,西南交通大学,SWJTU
www.icourse163.org,1002335008,生命科学与伦理,null,8342,西南大学,SWU
www.icourse163.org,1001755394,交通管理与控制,null,2816,东南大学,SEU
www.icourse163.org,1002529020,数学零距离,null,1592,哈尔滨工程大学,HRBEU
www.icourse163.org,1001618006,普通昆虫学（一）,null,11009,华中农业大学,HZAU
www.icourse163.org,1001556021,数学文化欣赏,null,12976,华中农业大学,HZAU
www.icourse163.org,42003,高等数学（五）,null,69173,国防科技大学,NUDT
www.icourse163.org,1001965003,畜牧学概论,null,6189,华中农业大学,HZAU
www.icourse163.org,1002525013,计算机组织与结构,null,1584,南昌大学,NCU
www.icourse163.org,1001915005,大学物理—量子物理基础及应用,null,6576,大连理工大学,DLUT
www.icourse163.org,21007,政治伦理学,null,32310,四川大学,SCU
www.icourse163.org,1002532003,互动图形基础,null,1563,湖南大学,HNU
www.icourse163.org,1001979010,水分析化学,null,5202,哈尔滨工业大学,HIT
www.icourse163.org,1002716005,广播节目播音与主持,null,1544,长沙学院,CCSU
www.icourse163.org,1002532011,工程热力学,null,1540,北京交通大学,NJTU
www.icourse163.org,1002607022,农科大学物理,null,1535,华中农业大学,HZAU
www.icourse163.org,1001933010,分析化学,null,2772,福州大学,FZU
www.icourse163.org,1002143006,互换性与技术测量,null,4105,长安大学,CHD
www.icourse163.org,492005,创行-大学生创新创业实务,null,26435,中国海洋大学,OUC
www.icourse163.org,1002481001,电工学,null,11244,中南大学,CSU
www.icourse163.org,1001998001,生物医学工程概论,null,4249,西北工业大学,NWPU
www.icourse163.org,1001662002,图像复制原理,null,2822,武汉大学,WHU
www.icourse163.org,1002082011,理论力学,null,6220,大连理工大学,DLUT
www.icourse163.org,1001642001,环境污染事件与应急响应,null,10624,北京师范大学,BNU
www.icourse163.org,1002058020,物理与人类未来,null,2524,东北大学,NEU
www.icourse163.org,1001601008,导引系统原理,null,3492,西北工业大学,NWPU
www.icourse163.org,1001764004,航天、人文与艺术,null,17355,南京航空航天大学,NUAA
www.icourse163.org,1001741022,普通昆虫学（二）,null,9480,华中农业大学,HZAU
www.icourse163.org,1002312002,消防燃烧学,null,4162,中国人民武装警察部队学院,WJXY
www.icourse163.org,1001753042,作物育种学,null,1905,南京农业大学,NJAU
www.icourse163.org,1001997004,化工过程分析与合成,null,5205,大连理工大学,DLUT
www.icourse163.org,1001595001,电器理论基础,null,19108,福州大学,FZU
www.icourse163.org,1001930015,一元函数微积分,null,6570,福州大学,FZU
www.icourse163.org,47022,医学伦理学,null,18898,西安交通大学,XJTU
www.icourse163.org,1002253017,药物化学,null,2042,福州大学,FZU
www.icourse163.org,1002718008,文献学的理论与方法,null,1407,北京师范大学,BNU
www.icourse163.org,1002350003,创业概论,null,6700,江西财经大学,JXUFE
www.icourse163.org,1002144002,中国特色社会主义理论与实践研究,null,1407,暨南大学,JNU
www.icourse163.org,1001639005,采矿学,null,5316,东北大学,NEU
www.icourse163.org,1002527009,知识产权法,null,4959,中南大学,CSU
www.icourse163.org,1002602073,系统分析与设计,null,1393,大连理工大学,DLUT
www.icourse163.org,1002351001,公益创业指导,null,1377,中国社会科学院大学,UCASS
www.icourse163.org,1001964021,卫生技术评估,null,3921,复旦大学,FUDAN
www.icourse163.org,1002030017,作业系统,null,1365,中原大学,CYCU
www.icourse163.org,1002579001,化工热力学,null,1358,天津大学,TJU
www.icourse163.org,1002602006,动物营养学,null,1356,西北农林科技大学,NWSUAF
www.icourse163.org,1001956004,核反应堆物理,null,5051,哈尔滨工程大学,HRBEU
www.icourse163.org,1002109002,文化管理学,null,2509,东北大学,NEU
www.icourse163.org,94002,高速铁路工程,null,26194,西南交通大学,SWJTU
www.icourse163.org,1001514002,物理与艺术,null,10917,南京航空航天大学,NUAA
www.icourse163.org,1001812006,生态文明——撑起美丽中国梦,null,7081,福建农林大学,FAFU
www.icourse163.org,1002535011,创新基础与创新方法,null,1335,东北大学,NEU
www.icourse163.org,1002245012,水利工程施工,null,4247,大连理工大学,DLUT
www.icourse163.org,1002128002,石油炼制工程,null,1327,中国石油大学（华东）,UPC
www.icourse163.org,1001968013,循环经济与可持续发展型企业,null,5651,北京师范大学,BNU
www.icourse163.org,1001979017,海上货物运输,null,4491,大连海事大学,DLMU
www.icourse163.org,152001,走近核科学技术,null,17005,兰州大学,LZU
www.icourse163.org,1002534012,材料性能与应用,null,1307,福州大学,FZU
www.icourse163.org,1001761008,生物制药工艺学（技术与基础）,null,2504,中国药科大学,CPU
www.icourse163.org,1001767007,社区管理学,null,5252,东北大学,NEU
www.icourse163.org,1002030033,轮机自动化,null,1788,大连海事大学,DLMU
www.icourse163.org,1002124003,化学与人类文明,null,2818,西安交通大学,XJTU
www.icourse163.org,1002530019,计算机编码与密码学,null,1251,西北工业大学,NWPU
www.icourse163.org,1002251007,计算机导论,null,5502,上海工程技术大学,sues
www.icourse163.org,1001821004,大学生健康教育,null,1227,高等教育出版社,hep
www.icourse163.org,1001588001,环境变迁与人类生育力改变,null,12071,武汉大学,WHU
www.icourse163.org,1002600038,鞋靴造型设计,null,1215,陕西科技大学,SUST
www.icourse163.org,1002599037,纺织品CAD,null,1210,浙江理工大学,ZSTU
www.icourse163.org,1002574005,文采风流：近现代闽籍文人与作家,null,1210,福建师范大学,FJNU
www.icourse163.org,1002604061,有机化学分子建模,null,1207,北京化工大学,BUCT
www.icourse163.org,1001752358,材料力学,null,5071,东南大学,SEU
www.icourse163.org,73001,化学与社会,null,23592,大连理工大学,DLUT
www.icourse163.org,1002608008,冶金学,null,1178,东北大学,NEU
www.icourse163.org,1002597008,年轻人的第一堂就业指导课,null,1177,兄弟连教育,itxdl
www.icourse163.org,1002534007,全球化与世界政治研究,null,1176,电子科技大学,UESTC
www.icourse163.org,1001955003,侵权责任法总论：“侵权责任法专题讲座系列”第一辑,null,5924,四川大学,SCU
www.icourse163.org,1002532002,卡通说解数字电子技术,null,1168,重庆大学,CQU
www.icourse163.org,1002530016,轨道车辆制造,null,1165,北京交通大学,NJTU
www.icourse163.org,21016,翻转课堂教学法,null,199788,北京大学,PKU
www.icourse163.org,1001675001,环境科学概论之行动篇,null,2313,北京师范大学,BNU
www.icourse163.org,1002536018,生物医药实验室安全知识,null,1135,暨南大学,JNU
www.icourse163.org,1002572002,化工过程分析与合成,null,1132,北京化工大学,BUCT
www.icourse163.org,1001508001,线性代数与空间解析几何（二）,null,51522,电子科技大学,UESTC
www.icourse163.org,1002143004,制造过程故障诊断技术,null,2637,长安大学,CHD
www.icourse163.org,1002037002,家畜寄生虫病学,null,1453,福建农林大学,FAFU
www.icourse163.org,1001908005,大学生科技创新课程之中美青年创客大赛,null,11066,西南交通大学,SWJTU
www.icourse163.org,1002533019,管理会计学,null,1102,西南交通大学,SWJTU
www.icourse163.org,215001,光电子学（二）,null,8114,西安交通大学,XJTU
www.icourse163.org,33009,人文视野中的生态学,null,26966,吉林大学,JLU
www.icourse163.org,32006,物理与人类生活,null,17179,吉林大学,JLU
www.icourse163.org,1001753044,兽医寄生虫学,null,1079,南京农业大学,NJAU
www.icourse163.org,1001781005,全球卫生导论,null,9349,复旦大学,FUDAN
www.icourse163.org,1001758012,理论力学,null,10526,福州大学,FZU
www.icourse163.org,170001,高速铁路运营与维护,null,7419,西南交通大学,SWJTU
www.icourse163.org,1002143001,微波技术,null,3071,哈尔滨工程大学,HRBEU
www.icourse163.org,1002574003,生命伦理学：生命医学科技与伦理,null,1055,山东大学,SDU
www.icourse163.org,1002145002,选矿学,null,1048,长安大学,CHD
www.icourse163.org,1002532009,人力资源管理,null,10625,四川大学,SCU
www.icourse163.org,1001634004,工程伦理学,null,9091,西南交通大学,SWJTU
www.icourse163.org,1002272005,薄膜物理与技术,null,2372,电子科技大学,UESTC
www.icourse163.org,1002246011,道路交通环境保护,null,1024,哈尔滨工业大学,HIT
www.icourse163.org,1002013001,水声学,null,3868,哈尔滨工程大学,HRBEU
www.icourse163.org,1002027024,航运管理,null,1270,大连海事大学,DLMU
www.icourse163.org,1002602001,医学心理学,null,1017,山东大学,SDU
www.icourse163.org,269001,教师如何做研究,null,75778,北京大学,PKU
www.icourse163.org,1002571003,数字时代的学习技术,null,1015,福建师范大学,FJNU
www.icourse163.org,1002577002,材料导论,null,1013,北京化工大学,BUCT
www.icourse163.org,1002531012,矿井通风与空气调节,null,1012,中南大学,CSU
www.icourse163.org,1001908004,大学生科技创新课程之起重机创意大赛,null,6567,西南交通大学,SWJTU
www.icourse163.org,1001684002,职熵—大学生职业素养与能力提升,null,10772,中国海洋大学,OUC
www.icourse163.org,1001907005,软件度量及应用,null,991,中南大学,CSU
www.icourse163.org,1002331011,大学化学,null,986,西安交通大学,XJTU
www.icourse163.org,1002603031,农药化学,null,972,华中农业大学,HZAU
www.icourse163.org,1001850001,材料工程基础,null,4041,武汉理工大学,WHUT
www.icourse163.org,1001617006,大学计算机—计算思维导论CAP,null,45517,哈尔滨工业大学,HIT
www.icourse163.org,1002328013,古籍版本鉴定,null,946,西北大学,NWU
www.icourse163.org,1002082008,环境与健康,null,2262,华中师范大学,CCNU
www.icourse163.org,1002532016,成衣工艺学,null,943,浙江理工大学,ZSTU
www.icourse163.org,1001640003,资源经济学,null,4259,东北大学,NEU
www.icourse163.org,1002081018,探秘身边的材料--材料与社会,null,2509,南昌大学,NCU
www.icourse163.org,1002531014,管理思想史,null,2050,四川大学,SCU
www.icourse163.org,1002085015,可视化程序设计技术及应用,null,898,东北大学,NEU
www.icourse163.org,1001754250,丝绸文化与产品,null,1621,苏州大学,SUDA
www.icourse163.org,1002606068,异化劳动和异化消费概论,null,874,中国政法大学,cupl
www.icourse163.org,1002579002,化工导论,null,870,天津大学,TJU
www.icourse163.org,1002533022,化学创造美好生活,null,870,南昌大学,NCU
www.icourse163.org,1001674004,无机非金属材料实验,null,6921,武汉理工大学,WHUT
www.icourse163.org,1002536008,电子政务原理与应用,null,859,电子科技大学,UESTC
www.icourse163.org,1002338004,漫话天文航海,null,852,大连海事大学,DLMU
www.icourse163.org,168002,高速铁路规划与选线,null,10265,西南交通大学,SWJTU
www.icourse163.org,1002736010,概率论,null,841,华中农业大学,HZAU
www.icourse163.org,1001633003,物理学导论,null,6966,吉林大学,JLU
www.icourse163.org,1001850005,计算机组织与结构,null,4387,大连理工大学,DLUT
www.icourse163.org,1002531024,力学与现代生活——开启科学人生,null,799,暨南大学,JNU
www.icourse163.org,168003,高速铁路建设管理,null,8220,西南交通大学,SWJTU
www.icourse163.org,1002604058,防灾工程学,null,786,湖南大学,HNU
www.icourse163.org,1002525008,材料成形力学,null,785,东北大学,NEU
www.icourse163.org,1002535021,材料物理性能与结构表征实验,null,764,福州大学,FZU
www.icourse163.org,1002602023,动物流行病学,null,751,华中农业大学,HZAU
www.icourse163.org,1001980002,东方管理学漫谈,null,4052,上海工程技术大学,sues
www.icourse163.org,1001915002,粉体力学,null,3299,大连理工大学,DLUT
www.icourse163.org,1002609038,过程设备设计,null,703,北京化工大学,BUCT
www.icourse163.org,1001564005,橡胶与人类,null,5184,青岛科技大学,QUST
www.icourse163.org,1002698020,解密教育的技术变革史,null,676,北京大学,PKU
www.icourse163.org,1001905001,大学生安全文化,null,2635,中南大学,CSU
www.icourse163.org,1002000006,华文教学的理念与方法,null,1702,暨南大学,JNU
www.icourse163.org,1002571007,船舶避碰与值班,null,644,大连海事大学,DLMU
www.icourse163.org,1002503001,天气学,null,5740,浙江大学,ZJU
www.icourse163.org,72001,教你如何做MOOC,null,111837,北京大学,PKU
www.icourse163.org,1002141005,材料防护与资源效益,null,1241,武汉大学,WHU
www.icourse163.org,1002532007,营销策划,null,4645,四川大学,SCU
www.icourse163.org,1002248014,发现微积分,null,2640,四川计算机学会,SCF
www.icourse163.org,1002081009,华文教育技术与实践,null,2152,暨南大学,JNU
www.icourse163.org,1002533005,电磁场,null,582,哈尔滨工业大学,HIT
www.icourse163.org,1002000005,石油工业与环境保护概论,null,1675,中国石油大学（华东）,UPC
www.icourse163.org,1001591013,周口店野外地质实践教学,null,7716,中国地质大学（武汉）,CUG
www.icourse163.org,1002536003,固体废物处置与资源化,null,1772,北京师范大学,BNU
www.icourse163.org,1002563001,金融风险管理,null,3943,东华大学,DHU
www.icourse163.org,1002604062,婚姻法与继承法,null,541,北京化工大学,BUCT
www.icourse163.org,1002533003,恢复生态学,null,1774,北京师范大学,BNU
www.icourse163.org,1002246012,大学生爱国教育十讲,null,499,中国海洋大学,OUC
www.icourse163.org,1002582001,复杂物质剖析,null,471,北京化工大学,BUCT
www.icourse163.org,1002403001,农业昆虫学,null,1502,西北农林科技大学,NWSUAF
www.icourse163.org,1002087008,冶金资源综合利用与环境保护,null,1132,东北大学,NEU
www.icourse163.org,1002600008,音乐课堂教学课例评析与研究,null,5041,东北师范大学,NENU
www.icourse163.org,1002529009,消费者保护法,null,5314,西南大学,SWU
www.icourse163.org,1002533011,电子商务,null,4582,四川大学,SCU
www.icourse163.org,1002526011,电磁学（非物理类理工专业适用）,null,2435,西安交通大学,XJTU
www.icourse163.org,1002530008,管理沟通,null,2572,四川大学,SCU
www.icourse163.org,1001555011,改进合作学习,null,36751,爱课程,icourse
www.icourse163.org,1002534002,健康评估,null,11185,北京大学,PKU
www.icourse163.org,1002597050,现代煤化工概论,null,328,北京化工大学,BUCT
www.icourse163.org,1002337007,船舶防火与灭火,null,315,大连海事大学,DLMU
www.icourse163.org,1002710008,化学与健康,null,314,青岛科技大学,QUST
www.icourse163.org,1002531010,分子生物学,null,4441,中南大学,CSU
www.icourse163.org,1002600009,生活中的自制乐器与演奏,null,6367,华中师范大学,CCNU
www.icourse163.org,1002598013,学校音乐教育新体系——小学音乐课程示范教学,null,4050,中央音乐学院,CCOM
www.icourse163.org,1002525011,工程估价,null,3154,四川大学,SCU
www.icourse163.org,1002536010,质量管理,null,2404,四川大学,SCU
www.icourse163.org,1001752275,吴文化史,null,1709,苏州大学,SUDA
www.icourse163.org,1002530013,现代企业物流,null,2897,四川大学,SCU
www.icourse163.org,1002599007,工尺谱概论,null,2119,中央音乐学院,CCOM
www.icourse163.org,1002010029,环境规划,null,3895,北京师范大学,BNU
www.icourse163.org,1002735006,兽医外科手术学,null,130,华中农业大学,HZAU
www.icourse163.org,1002701011,实用英语,null,130,长沙航空职业技术学院,CAVTC-
www.icourse163.org,1002739008,数据结构,null,107,华中农业大学,HZAU
www.icourse163.org,1002725002,迷人的材料世界,null,102,西北工业大学,NWPU
www.icourse163.org,1001918004,法学通论,null,84,中南财经政法大学,ZNUEDU
www.icourse163.org,1002694003,应急法专题研究,null,31,中国政法大学,cupl
www.icourse163.org,336004,新生研讨课,null,16302,四川大学,SCU
www.icourse163.org,1002597009,西方音乐史(下),null,3871,中央音乐学院,CCOM
www.icourse163.org,1002604008,西方音乐史(上),null,6269,中央音乐学院,CCOM
www.icourse163.org,1002529014,国家税收,null,3895,西南财经大学,SWUFE
